symbol,date,close,MA12,MA36,MA50,MA150,MA200,EMA10,52w_low,52w_high,cond1_price_above_150_200,cond2_ma150_above_ma200,cond3_ma200_trending_up_1m,cond4_ma50_above_150_200,cond5_price_above_ma50,cond6_30pct_above_52w_low,cond7_within_25pct_52w_high,cond9_price_above_ema10,fresh_ma12_cross_today,12m_return_pct,volume_signal,relative_volume,bull_snort,inside_bar,is_52w_high,is_52w_low,data_source,industry_group,industry,rs_percentile,cond8_rs_at_least_70,all_conditions_met,total_market_cap_cr,traded_value_cr,traded_volume,traded_val_pct_mc,price_band
ACCORD.NS,2026-07-30,202.35000610351562,203.3833376566569,162.41666751437717,134.23300086975098,66.1890002822876,55.35475023269653,200.9216611421021,19.850000381469727,211.0,True,True,True,True,True,True,True,True,False,789.4505762791896,dry,0.0,False,False,False,False,,Telecom - Services,Other Telecom Services,99.9594155844156,True,True,10.0,0.02,7815.0,0.2251,—
SWANDEF.NS,2026-07-31,2473.699951171875,2364.4166666666665,2237.661122639974,2169.4580126953124,1942.1900024414062,1703.2150018310547,2387.503773051177,321.55999755859375,2500.0,True,True,True,True,True,True,True,True,False,669.2809957560484,ppv,222.70844447557,False,False,True,False,,Industrial Manufacturing,Ship Building & Allied Services,99.91883116883116,True,True,13031.98,4.86,19628.0,0.0373,—
CUPID.NS,2026-07-31,230.6199951171875,218.47916666666666,199.70861053466797,181.56659912109376,123.2428665669759,108.57359987258911,222.5107305937075,29.600000381469727,234.5,True,True,True,True,True,True,True,True,False,664.047160749414,noise,39.58695633799128,False,True,False,False,,Personal Products,Personal Care,99.87824675324676,True,True,31010.56,650.92,28224836.0,2.099,—
SANGINITA.NS,2026-07-31,65.36000061035156,60.948333422342934,49.328611056009926,43.99180004119873,25.597066713968914,21.773150038719177,62.04589079618594,9.09000015258789,68.0199966430664,True,True,True,True,True,True,True,True,False,543.9409169141992,red,865.3458174185129,False,False,False,False,,Chemicals & Petrochemicals,Specialty Chemicals,99.83766233766234,True,True,169.29,0.9,138117.0,0.5332,—
SIGMAADV.NS,2026-07-31,623.5499877929688,556.9416656494141,551.9166624281141,516.4979968261719,307.4022662353516,277.3646001434326,574.6008683650575,107.0999984741211,638.0999755859375,True,True,True,True,True,True,True,True,False,482.2128820511973,noise,66.31375660867177,False,True,True,False,,Aerospace & Defense,Aerospace & Defense,99.79707792207793,True,True,10989.43,26.44,424037.0,0.2406,—
UCL.NS,2026-07-30,200.9499969482422,184.76249821980795,181.05416446261935,173.96899841308593,111.73899948120118,95.29899967193603,190.11377460472448,38.0,201.9499969482422,True,True,True,True,True,True,True,True,False,336.8478194527004,noise,29.94011976047904,False,False,False,False,,Chemicals & Petrochemicals,Dyes And Pigments,99.7564935064935,True,True,67.03,0.13,22276.0,0.1982,—
ATHERENERG.NS,2026-07-31,1260.300048828125,1250.7249857584636,1143.5958319769966,1099.2559997558594,876.2969986979167,827.5149990844726,1238.0003631143197,336.3500061035156,1345.0,True,True,True,True,True,True,True,True,False,265.5692672452864,noise,72.60334984434886,False,False,False,False,,Automobiles,2/3 Wheelers,99.43181818181817,True,True,49671.61,550.77,4370134.0,1.1088,—
PRIZOR.NS,2026-07-30,859.9500122070312,838.8250020345052,849.2444441053602,809.4740014648437,540.6866666666666,483.7345000457764,847.180797986277,216.64999389648438,939.2000122070312,True,True,True,True,True,True,True,True,False,255.79231405252418,noise,79.8782807151008,False,False,False,False,,Industrial Manufacturing,Industrial Products,99.35064935064936,True,True,194.79,0.4,22030.0,0.2061,—
HOACFOODS.NS,2026-07-30,730.5,713.8458353678385,682.8680572509766,659.5730017089844,471.46366739908854,430.915500869751,720.7739068822186,190.1999969482422,740.0,True,True,True,True,True,True,True,True,False,235.0149001495788,noise,41.58004158004158,False,False,False,False,,Food Products,Other Food Products,99.31006493506493,True,True,56.3,0.06,4165.0,0.1084,—
RPTECH.NS,2026-07-31,833.5499877929688,774.0499979654948,752.0861138237847,692.9020031738281,497.4930010986328,456.46550064086915,789.0343926115138,274.03069500955513,842.0,True,True,True,True,True,True,True,True,False,193.3916913605536,noise,25.314894199111222,False,True,True,False,,IT - Hardware,Computers Hardware & Equipments,99.10714285714286,True,True,5493.07,103.79,1245191.0,1.8895,—
NGLFINE.NS,2026-07-31,3260.300048828125,3196.391642252604,3126.352769639757,3015.4780029296876,2385.6186645507814,2140.121498413086,3222.115192182243,1173.8127642927202,3349.0,True,True,True,True,True,True,True,True,False,168.83378037674044,dry,13.919208050179973,False,False,False,False,,Pharmaceuticals & Biotechnology,Pharmaceuticals,98.86363636363636,True,True,2014.22,6.0,18392.0,0.2977,—
VIJIFIN.NS,2026-07-31,10.210000038146973,9.200833400090536,7.031111154291365,6.159800038337708,4.025066680908203,3.7199000096321106,9.38991168248211,2.009999990463257,10.210000038146973,True,True,True,True,True,True,True,True,False,159.1370530423239,ppv,19.40049960965072,False,False,True,False,,Finance,Non Banking Financial Company (NBFC),98.7012987012987,True,True,195.52,0.2,194248.0,0.1014,—
SAKAR.NS,2026-07-31,885.25,856.3166707356771,838.2472245958116,828.635,620.8469993082682,561.9702496337891,853.2433921387684,311.0,960.0,True,True,True,True,True,True,True,True,False,152.9647004202086,green,126.07263382425693,False,False,False,False,,Pharmaceuticals & Biotechnology,Pharmaceuticals,98.53896103896103,True,True,1943.12,18.37,207560.0,0.9456,—
SANSERA.NS,2026-07-31,3346.89990234375,3249.5916341145835,3155.0916680230034,3085.362001953125,2461.954667154948,2245.3099975585938,3250.38555551978,1213.621511341324,3457.5,True,True,True,True,True,True,True,True,False,148.17157034856234,noise,80.48921924192864,False,False,True,False,,Auto Components,Auto Components & Equipments,98.49837662337663,True,True,20885.85,97.3,290723.0,0.4659,—
E2E.NS,2026-07-31,517.1500244140625,478.0458399454753,425.1305575900608,419.63480102539063,307.30546702067056,295.526300201416,487.7805467995927,183.36000061035156,567.7999877929688,True,True,True,True,True,True,True,True,False,142.30428813238936,dry,10.568394129226933,False,False,False,False,,IT - Services,IT Enabled Services,98.37662337662337,True,True,10625.26,96.14,1859128.0,0.9049,—
SILKFLEX.NS,2026-07-30,215.5,200.37083180745444,209.75694444444446,202.44399963378908,155.96,138.4420000076294,204.4783409204115,76.0,232.5,True,True,True,True,True,True,True,True,False,131.7204301075269,noise,96.15384615384616,False,False,False,False,,Chemicals & Petrochemicals,Specialty Chemicals,98.21428571428571,True,True,85.37,0.08,10569.0,0.0911,—
SHEETAL.NS,2026-07-30,300.0,294.4250005086263,294.14027828640405,293.70800048828124,250.47700042724608,223.96975021362306,294.77121063899824,113.56052623811316,335.0,True,True,True,True,True,True,True,True,True,130.50976226570387,dry,8.968609865470851,False,False,True,False,,Agricultural Food & other Products,Other Agricultural Products,98.09253246753246,True,True,67.53,0.06,10830.0,0.0945,—
DEEDEV.NS,2026-07-31,678.5499877929688,673.0249989827474,681.5847218831381,665.3780029296875,422.3926007080078,375.2231004333496,669.3101589788314,183.0,760.0,True,True,True,True,True,True,True,True,False,130.0559280250787,noise,46.527918753771935,False,False,False,False,,Industrial Manufacturing,Industrial Products,98.05194805194806,True,True,5105.37,16.23,239138.0,0.3178,—
UFBL.NS,2026-07-31,701.6500244140625,685.5333302815756,680.9277750651041,631.3379992675781,382.9733331298828,335.86459999084474,691.2779916293465,172.33999633789062,763.3499755859375,True,True,True,True,True,True,True,True,False,129.44736835277126,noise,30.734182909856095,False,True,False,False,,Leisure Services,Restaurants,97.97077922077922,True,True,2742.5,27.47,391553.0,1.0018,—
KESORAMIND.NS,2026-07-31,12.520000457763672,11.678333361943563,11.355000019073486,11.537799987792969,10.583666664759319,9.5085999917984,11.688856008237671,4.550000190734863,14.260000228881836,True,True,True,True,True,True,True,True,False,121.98582897423277,green,164.19609941695228,False,False,False,False,,Cement & Cement Products,Cement & Cement Products,97.80844155844156,True,True,388.95,1.52,1211407.0,0.3899,—
KERNEX.NS,2026-07-31,2291.699951171875,2193.625,2151.0916578504775,2037.8319921875,1467.5716654459636,1402.7187493896483,2225.8157581030136,850.0,2445.0,True,True,True,True,True,True,True,True,False,121.95641173577481,noise,24.499412265603024,False,False,False,False,,Transport Services,Transport Related Services,97.76785714285714,True,True,3850.89,70.57,307935.0,1.8326,—
AVALON.NS,2026-07-31,1807.9000244140625,1732.5,1737.9361165364583,1682.4660034179688,1238.434003092448,1181.9257525634766,1735.013497547367,777.2999877929688,1859.0,True,True,True,True,True,True,True,True,False,120.11323773697522,ppv,202.43992564139447,False,False,True,False,,Electrical Equipment,Other Electrical Equipment,97.72727272727273,True,True,12078.9,96.01,531058.0,0.7949,—
UNIPARTS.NS,2026-07-31,728.0,698.3416595458984,678.0041656494141,660.5140014648438,541.7163942464193,527.069593963623,706.6482636753353,310.00520202330097,752.0,True,True,True,True,True,True,True,True,False,116.87014157999323,noise,84.45552684641659,False,False,False,False,,Auto Components,Auto Components & Equipments,97.6461038961039,True,True,3283.67,15.16,208308.0,0.4618,—
RATEGAIN.NS,2026-07-31,918.4000244140625,918.6166788736979,902.9263949924045,861.3090051269531,676.2496673583985,675.2062507629395,914.1586094059157,417.6000061035156,997.25,True,True,True,True,True,True,True,True,False,109.17892038460283,noise,35.98022194804004,False,False,False,False,,IT - Software,Computers - Software & Consulting,97.40259740259741,True,True,10873.43,58.9,641367.0,0.5417,—
SCPL.NS,2026-07-31,615.0,553.9916610717773,514.6930525037977,493.97999694824216,389.50826558430987,351.49684928894044,566.4625000424438,190.02999877929688,630.0,True,True,True,True,True,True,True,True,False,108.22752236018304,ppv,935.8509532038818,True,False,True,False,,Food Products,Dairy Products,97.36201298701299,True,True,645.75,2.58,41891.0,0.399,—
MAHICKRA.NS,2026-07-30,269.95001220703125,257.85833740234375,251.90416802300348,248.3933493041992,212.01830067952474,197.5281382751465,260.95798218371476,124.9718457055929,287.0,True,True,True,True,True,True,True,True,False,101.58122952234616,noise,60.06006006006006,False,False,False,False,,Chemicals & Petrochemicals,Dyes And Pigments,97.24025974025975,True,True,88.41,0.05,4407.0,0.0543,—
GRWRHITECH.NS,2026-07-31,7151.5,6958.708333333333,6826.902777777777,6569.14400390625,4790.603336588541,4487.232501220703,6992.5498427403045,2671.6173087131406,7199.5,True,True,True,True,True,True,True,True,False,100.13430858850066,noise,65.4317434134659,False,False,False,False,,Industrial Products,Plastic Products - Industrial,97.1590909090909,True,True,16614.65,72.44,101300.0,0.436,—
LAURUSLABS.NS,2026-07-31,1816.199951171875,1653.1583455403645,1533.227789984809,1493.9340087890625,1217.5941927083334,1159.6289358520507,1700.0562011367415,808.577124737889,1826.5999755859375,True,True,True,True,True,True,True,True,False,99.97893799794177,ppv,111.04071042140782,False,False,True,False,,Pharmaceuticals & Biotechnology,Pharmaceuticals,97.1185064935065,True,True,98131.5,421.91,2323059.0,0.4299,—
AETHER.NS,2026-07-31,1539.5999755859375,1472.2083231608074,1370.3444417317708,1299.0379931640625,1133.5703377278646,1054.944253845215,1478.5837023601741,726.4500122070312,1614.4000244140625,True,True,True,True,True,True,True,True,False,98.2743046472553,ppv,569.2630094787379,False,False,True,False,,Chemicals & Petrochemicals,Specialty Chemicals,96.95616883116884,True,True,20432.43,60.78,394765.0,0.2975,—
TMB.NS,2026-07-31,851.7000122070312,831.4166717529297,787.5333319769966,767.344990234375,670.6051540120443,624.4038397216797,840.482487594611,405.09227596916213,917.0,True,True,True,True,True,True,True,True,False,98.21805849684712,noise,98.85853478538829,False,False,False,False,,Banks,Private Sector Bank,96.9155844155844,True,True,13486.79,36.54,429074.0,0.271,—
KAPSTON.NS,2026-07-31,474.8999938964844,451.90417226155597,396.7277823554145,380.8040026855469,348.1865551757812,335.4177165222168,453.92770932465834,235.52000427246094,476.29998779296875,True,True,True,True,True,True,True,True,False,96.8823766336649,green,124.72415408974464,False,False,True,False,,Commercial Services & Supplies,Diversified Commercial Services,96.8344155844156,True,True,1445.22,1.52,32050.0,0.1053,—
IMFA.NS,2026-07-31,1448.5999755859375,1360.8201497395833,1367.6302185058594,1389.9058447265625,1350.9814534505208,1331.5587506103516,1374.1298416273353,693.6204867039439,1670.7880501060147,True,True,True,True,True,True,True,True,False,96.78683551927682,ppv,233.3611055828968,False,False,False,False,,Ferrous Metals,Ferro & Silica Manganese,96.79383116883116,True,True,7815.79,22.59,155950.0,0.289,—
YASHO.NS,2026-07-31,3858.699951171875,3173.1443074544272,2995.751417371962,2802.705546875,1902.496024576823,1826.249522705078,3254.1085138369017,1129.8189394012777,3858.699951171875,True,True,True,True,True,True,True,True,False,96.5977465295043,ppv,707.2883880577683,True,False,True,False,,Chemicals & Petrochemicals,Specialty Chemicals,96.75324675324676,True,True,4650.58,14.23,36881.0,0.306,—
KODYTECH.NS,2026-07-30,1433.4000244140625,1291.3916625976562,1153.633327907986,1073.0899951171875,888.6089978027344,862.9824990844727,1318.3199466795727,556.0499877929688,1435.0,True,True,True,True,True,True,True,True,False,96.38306294957924,noise,36.26988288760706,False,False,True,False,,IT - Software,Computers - Software & Consulting,96.71266233766234,True,True,4525.38,6.67,18786.0,0.1474,—
DIACABS.NS,2026-07-31,323.9700012207031,284.80750401814777,237.28750059339734,225.80700012207032,170.37140004475913,164.18700012207032,299.67175428115394,115.56999969482422,342.0,True,True,True,True,True,True,True,True,False,96.1908748507664,noise,75.84894688057341,False,False,False,False,,Electrical Equipment,Other Electrical Equipment,96.67207792207793,True,True,17072.28,244.27,7539941.0,1.4308,—
RICOAUTO.NS,2026-07-31,141.77000427246094,137.07583363850912,136.13416650560168,132.9077995300293,123.88846638997396,118.6091497039795,138.55327342390763,65.40713375710308,157.0,True,True,True,True,True,True,True,True,False,96.10437580456596,noise,45.80630194636079,False,False,False,False,,Auto Components,Auto Components & Equipments,96.6314935064935,True,True,1917.94,46.28,3264331.0,2.4129,—
SJS.NS,2026-07-31,2391.699951171875,2286.5333455403647,2219.3173828125,2167.754677734375,1880.7698396809897,1823.9702349853515,2321.3788445344853,1129.4649379983273,2439.89990234375,True,True,True,True,True,True,True,True,False,95.84580476199996,noise,84.58339429463288,False,True,False,False,,Auto Components,Auto Components & Equipments,96.5909090909091,True,True,7654.67,25.91,108317.0,0.3384,—
INDOTECH.NS,2026-07-31,3453.800048828125,3422.2916463216147,3138.352769639757,2988.8139892578124,2115.861328938802,2004.3739959716797,3415.020182081639,1100.0,3599.0,True,True,True,True,True,True,True,True,False,95.36172866861195,noise,24.62622243616778,False,False,False,False,,Electrical Equipment,Heavy Electrical Equipment,96.55032467532467,True,True,3667.94,14.04,40661.0,0.3829,—
ASTRAMICRO.NS,2026-07-31,1861.5999755859375,1763.4583333333333,1724.9027709960938,1626.7419921875,1207.8486625162761,1152.482996520996,1775.2225685367252,851.0,1960.0,True,True,True,True,True,True,True,True,False,94.3012235698528,ppv,404.0918570553779,False,False,True,False,,Aerospace & Defense,Aerospace & Defense,96.50974025974025,True,True,17674.96,177.46,953243.0,1.004,—
IDEAFORGE.NS,2026-07-31,875.0999755859375,856.7249959309896,863.1805538601345,866.1620007324219,620.3196669514974,581.1572496032715,860.0256281168311,366.0,992.25,True,True,True,True,True,True,True,True,False,90.48758972842343,noise,61.518461404333,False,False,False,False,,Aerospace & Defense,Aerospace & Defense,96.26623376623377,True,True,4347.99,79.18,904759.0,1.821,—
STYLAMIND.NS,2026-07-31,3384.300048828125,3396.1666463216147,3292.3944295247397,3201.163994140625,2577.0840071614584,2449.962006225586,3380.8865849441722,1594.0999755859375,4150.0,True,True,True,True,True,True,True,True,False,89.37385121492784,noise,25.385096833686355,False,False,False,False,,Consumer Durables,Plywood Boards/ Laminates,96.14448051948052,True,True,5739.35,29.78,87993.0,0.5189,—
RRKABEL.NS,2026-07-31,2602.800048828125,2458.8249715169272,2365.2457817925347,2285.6282421875,1767.3641471354167,1669.0386004638672,2499.268922039485,1158.7465736666888,2775.0,True,True,True,True,True,True,True,True,False,88.33007630931262,noise,70.69793341262988,False,False,True,False,,Industrial Products,Cables - Electricals,96.1038961038961,True,True,29439.1,208.48,800996.0,0.7082,—
MBAPL.NS,2026-07-31,160.1999969482422,150.5500005086263,128.73750729031033,123.10090148925781,104.11648996988933,98.61380722045898,154.00242228405529,74.56403046577304,167.9499969482422,True,True,True,True,True,True,True,True,False,88.30150216247259,noise,61.93768077538556,False,False,False,False,,Fertilizers & Agrochemicals,Fertilizers,96.06331168831169,True,True,7018.92,22.0,1373037.0,0.3134,—
UNIVCABLES.NS,2026-07-31,1358.4000244140625,1248.8301493326824,1216.3974066840278,1204.9960888671876,924.0177970377604,898.9540951538086,1280.2031448154992,573.9009093095138,1389.800048828125,True,True,True,True,True,True,True,True,False,87.50795429279903,noise,50.209561695363846,False,False,True,False,,Industrial Products,Cables - Electricals,96.02272727272727,True,True,4713.02,41.28,303877.0,0.8758,—
TFCILTD.NS,2026-07-31,101.87000274658203,90.0991662343343,81.5680554707845,79.49060028076173,72.70539983113606,71.54689977645874,93.5044915661672,51.0,102.73999786376953,True,True,True,True,True,True,True,True,False,87.10336292816241,green,154.77752064622032,False,False,True,False,,Finance,Financial Institution,95.98214285714286,True,True,4716.35,83.68,8214495.0,1.7743,—
PARAS.NS,2026-07-31,1256.5,1208.9166666666667,1241.794453938802,1146.5230078125,848.4633361816407,810.587253112793,1218.9087960502732,580.5,1443.0,True,True,True,True,True,True,True,True,False,86.56792260001231,noise,44.68583785597116,False,False,False,False,,Aerospace & Defense,Aerospace & Defense,95.94155844155844,True,True,10125.8,419.07,3335237.0,4.1387,—
SHRIPISTON.NS,2026-07-31,4395.2001953125,4288.2806396484375,4107.550645616319,3899.469560546875,3403.7317822265627,3245.2619970703126,4297.874032027988,2294.657326627676,4522.7998046875,True,True,True,True,True,True,True,True,False,86.06662010885928,noise,62.40688695120469,False,False,False,False,,Auto Components,Auto Components & Equipments,95.90097402597402,True,True,19360.78,26.27,59773.0,0.1357,—
BHARATFORG.NS,2026-07-31,2199.800048828125,2174.8666788736978,2122.7882080078125,2067.234709472656,1824.9819514973958,1708.7250177001954,2171.598426315647,1095.9181470372112,2231.230381760876,True,True,True,True,True,True,True,True,False,85.86430725928264,ppv,87.15790209178927,False,False,False,False,,Auto Components,Auto Components & Equipments,95.8603896103896,True,True,105169.94,260.18,1182738.0,0.2474,—
SYRMA.NS,2026-07-31,1366.800048828125,1353.3500162760417,1370.16945054796,1309.4800122070312,997.3056709798177,946.7377529907227,1354.8890778617506,634.5,1517.699951171875,True,True,True,True,True,True,True,True,False,83.49481357296027,red,115.0223553696303,False,True,False,False,,Industrial Manufacturing,Industrial Products,95.65746753246754,True,True,26327.98,207.45,1517782.0,0.7879,—
SWARAJ.NS,2026-07-30,361.95001220703125,361.7708333333333,309.9166679382324,291.1900015258789,281.3023345947266,267.38075103759763,358.42323440985655,158.5,373.0,True,True,True,True,True,True,True,True,False,82.11321368907232,noise,72.26491035492133,False,False,False,False,,Textiles & Apparels,Other Textile Products,95.5762987012987,True,True,631.92,2.84,99000.0,0.4496,—
CHENNPETRO.NS,2026-07-31,1260.5999755859375,1230.5083414713542,1166.4444444444443,1154.9840002441406,1012.2075520833333,986.8655032348632,1220.9395316074663,615.9702998720279,1354.0,True,True,True,True,True,True,True,True,False,81.47758539397539,green,105.46824278581741,False,True,False,False,,Petroleum Products,Refineries & Marketing,95.53571428571429,True,True,18771.77,162.7,1290680.0,0.8667,—
BELRISE.NS,2026-07-31,236.72999572753906,231.67083231608072,234.88722229003906,230.3820001220703,204.43886739095052,192.69490058898927,232.34710342803706,124.72421605980581,252.0,True,True,True,True,True,True,True,True,False,80.31190003634285,green,188.88852112627694,False,False,False,False,,Auto Components,Auto Components & Equipments,95.41396103896103,True,True,22895.39,107.5,4541024.0,0.4695,—
UNIVPHOTO.NS,2026-07-31,475.0,463.1000010172526,395.9305580986871,396.8840026855469,367.51586853027345,339.8736513519287,461.7855749134232,180.60000610351562,515.7999877929688,True,True,True,True,True,True,True,True,False,79.63844485236623,green,113.97584101831406,False,True,False,False,,Consumer Durables,Consumer Electronics,95.33279220779221,True,True,519.96,0.04,799.0,0.0073,—
WELCORP.NS,2026-07-31,1650.5999755859375,1631.433349609375,1535.8021477593315,1489.0409301757813,1112.4791235351563,1047.8686404418945,1636.483192306218,707.6502693631002,1700.0,True,True,True,True,True,True,True,True,False,79.12290584754824,noise,37.832456911082154,False,False,False,False,,Industrial Products,Iron & Steel Products,95.29220779220779,True,True,43526.97,160.74,973829.0,0.3693,—
AIMTRON.NS,2026-07-30,1361.3499755859375,1347.1666666666667,1300.5597330729167,1275.7680102539061,1010.2893359375,968.6142504882813,1346.7788794671405,632.5999755859375,1480.0,True,True,True,True,True,True,True,True,False,77.20142864769768,noise,49.24044002095338,False,False,False,False,,Industrial Manufacturing,Industrial Products,95.17045454545455,True,True,1113.17,2.47,45252.0,0.2217,—
GNA.NS,2026-07-31,535.75,526.9458338419596,472.7356431749132,443.42499938964846,408.5193212890625,383.74975158691404,522.2384369056787,289.7233688082436,601.6500244140625,True,True,True,True,True,True,True,True,False,76.68305232349539,noise,37.2458502397029,False,False,False,False,,Auto Components,Auto Components & Equipments,95.12987012987013,True,True,2300.02,26.36,491963.0,1.1459,—
LOKESHMACH.NS,2026-07-31,338.0,336.2875010172526,309.91527981228296,294.58400085449216,235.94086690266928,220.32250038146972,335.2480452013614,138.9600067138672,349.8500061035156,True,True,True,True,True,True,True,True,False,76.36316763076101,noise,41.5032234613503,False,False,False,False,,Industrial Manufacturing,Industrial Products,95.08928571428571,True,True,736.73,0.82,24256.0,0.1113,—
FEDERALBNK.NS,2026-07-31,358.8500061035156,352.52083079020184,334.5777757432726,324.3619989013672,294.60666707356773,282.3730006408691,353.0652053327292,183.99616636888095,359.8999938964844,True,True,True,True,True,True,True,True,False,75.92822291847654,noise,31.408117333051273,False,False,False,False,,Banks,Private Sector Bank,95.0487012987013,True,True,88521.19,406.05,11315224.0,0.4587,—
WELINV.NS,2026-07-30,1879.9000244140625,1868.1416625976562,1801.7833353678386,1814.9600048828124,1509.7826676432292,1441.4044982910157,1871.64611055921,865.0,1980.0,True,True,True,True,True,True,True,True,False,75.69159106673482,dry,0.5833398148868322,False,False,False,False,,Finance,Investment Company,94.96753246753246,True,True,689.31,0.21,1142.0,0.0311,—
HAPPYFORGE.NS,2026-07-31,1652.699951171875,1620.8054809570312,1542.169481065538,1497.61259765625,1322.7926196289063,1248.4129080200196,1628.477956044184,859.888472776414,1688.199951171875,True,True,True,True,True,True,True,True,False,73.82021175792562,noise,42.75229167071174,False,False,False,False,,Industrial Products,Castings & Forgings,94.72402597402598,True,True,15597.97,18.09,109455.0,0.116,—
IRISDOREME.NS,2026-07-31,52.959999084472656,47.96583366394043,43.685555669996475,41.5610001373291,36.30293337504069,35.56849998474121,48.67533807168437,26.350000381469727,53.290000915527344,True,True,True,True,True,True,True,True,False,73.75328044570884,ppv,427.0793645351964,True,False,True,False,,Textiles & Apparels,Garments & Apparels,94.68344155844156,True,True,903.91,2.66,501597.0,0.2939,—
KRISHANA.NS,2026-07-31,182.9499969482422,157.52500025431314,144.93448893229166,142.08669158935547,120.0338042195638,116.0330330657959,164.07645139408584,86.13667447448749,193.89999389648438,True,True,True,True,True,True,True,True,False,68.41759344040356,ppv,355.2495030152285,False,False,True,False,,Fertilizers & Agrochemicals,Fertilizers,94.43993506493507,True,True,5655.68,30.13,1647067.0,0.5328,—
ATALREAL.NS,2026-07-31,33.16999816894531,31.334166526794434,30.120277669694687,29.861599884033204,27.054333216349285,26.324949951171874,31.710678679457395,17.75,33.77000045776367,True,True,True,True,True,True,True,True,False,68.2048647257427,green,144.3724904667352,False,False,True,False,,Realty,"Residential, Commercial Projects",94.35876623376623,True,True,410.96,22.68,6836758.0,5.5181,—
MADHUSUDAN.NS,2026-07-30,242.64999389648438,237.87499872843424,216.2069435119629,199.42799957275392,160.90899973551433,152.60299987792968,238.45387514635684,108.5999984741211,260.0,True,True,True,True,True,True,True,True,False,66.19862595649614,dry,5.055611729019211,False,True,False,False,,Food Products,Other Food Products,94.15584415584416,True,True,209.04,1.03,63661.0,0.4935,—
DREDGECORP.NS,2026-07-31,1139.4000244140625,1045.2083333333333,1075.6083374023438,1095.9930078125,1007.7033341471354,963.953500366211,1073.1310903000892,538.0,1286.0,True,True,True,True,True,True,True,True,False,66.15384971404484,ppv,75.1566695691998,False,False,False,False,,Engineering Services,Dredging,94.11525974025975,True,True,3190.32,50.69,444906.0,1.589,—
SHRIRAMFIN.NS,2026-07-31,1046.699951171875,1036.9666646321614,1026.9020453559028,997.1592456054688,992.0721370442708,944.853420715332,1037.2791688854659,559.901669759886,1101.767740836079,True,True,True,True,True,True,True,True,False,65.90196661341734,green,112.02940244650262,False,False,False,False,,Finance,Non Banking Financial Company (NBFC),94.0340909090909,True,True,246283.1,587.23,5610311.0,0.2384,—
PCCL.NS,2026-07-30,287.75,263.55833435058594,253.5388887193468,262.2570007324219,247.76866709391277,231.83300048828124,268.3055407664535,166.3000030517578,312.0,True,True,True,True,True,True,True,True,False,64.9469790964645,ppv,160.48502139800286,False,False,False,False,,Minerals & Mining,Industrial Minerals,93.87175324675324,True,True,770.02,0.39,12418.0,0.0503,—
SONACOMS.NS,2026-07-31,769.4000244140625,723.9416707356771,664.0419006347656,646.2295288085937,564.0402362060547,544.085863494873,728.9472835009451,399.83497257584986,773.2000122070312,True,True,True,True,True,True,True,True,False,64.53632274563566,green,126.16591676137364,False,False,True,False,,Auto Components,Auto Components & Equipments,93.7905844155844,True,True,47910.32,182.74,2375107.0,0.3814,—
UJJIVANSFB.NS,2026-07-31,71.75,68.36916732788086,62.475278006659615,60.05460021972656,58.64920021057129,57.17155019760132,69.18912148159873,41.31999969482422,73.29000091552734,True,True,True,True,True,True,True,True,False,63.17943599741533,noise,99.40333257540446,False,False,True,False,,Banks,Other Bank,93.62824675324676,True,True,13961.32,127.79,17811078.0,0.9153,—
RADICO.NS,2026-07-31,4340.7998046875,4182.8880615234375,3969.983981662326,3833.792294921875,3260.816572265625,3244.692969970703,4230.928381856096,2494.465428414862,4494.39990234375,True,True,True,True,True,True,True,True,False,62.359798501223864,noise,94.37222134905173,False,False,False,False,,Beverages,Breweries & Distilleries,93.54707792207793,True,True,58159.08,170.84,393568.0,0.2937,—
GAEL.NS,2026-07-31,172.11000061035156,153.24249903361002,156.98666678534613,157.12240020751952,147.75120005289713,138.6113999938965,159.52458110249094,101.19999694824219,177.9199981689453,True,True,True,True,True,True,True,True,False,62.11288283775849,red,295.30765412282085,False,False,False,False,,Agricultural Food & other Products,Other Agricultural Products,93.5064935064935,True,True,7894.18,19.85,1153085.0,0.2514,—
COMSYN.NS,2026-07-31,214.80999755859375,192.12750116984049,181.51138899061414,174.41099975585936,163.18926635742187,158.91979972839354,196.56082241702705,126.90239250105125,228.0,True,True,True,True,True,True,True,True,False,62.02570398454805,green,224.1076638249422,False,True,True,False,,Industrial Products,Packaging,93.4659090909091,True,True,866.53,12.87,598931.0,1.4847,—
KARURVYSYA.NS,2026-07-31,342.45001220703125,329.6829376220703,306.22293175591363,300.05164978027346,292.7156467692057,280.59376708984377,333.17957265332166,200.26247523540303,346.75,True,True,True,True,True,True,True,True,False,60.849932647130814,noise,52.53087063875854,False,False,True,False,,Banks,Private Sector Bank,93.26298701298701,True,True,33103.52,147.41,4304551.0,0.4453,—
COMMITTED.NS,2026-07-30,349.8999938964844,335.32916768391925,320.80416700575086,306.84800048828123,255.45233306884765,245.3692497253418,338.42481274903287,174.25,349.8999938964844,True,True,True,True,True,True,True,True,False,60.46659850821155,noise,48.899755501222494,False,False,True,False,,Transport Services,Logistics Solution Provider,93.18181818181817,True,True,60.85,0.04,7224.0,0.063,—
ABCAPITAL.NS,2026-07-31,404.29998779296875,398.8249994913737,392.75555504692926,381.9079986572266,355.05299947102867,349.95574935913083,398.35584116241347,243.0,413.0,True,True,True,True,True,True,True,True,False,60.21397979563443,ppv,291.642607090721,False,False,False,False,,Finance,Investment Company,93.14123376623377,True,True,110620.81,164.94,4079760.0,0.1491,—
KTKBANK.NS,2026-07-31,284.75,279.81666310628253,274.04444461398657,271.8010003662109,237.72899973551432,226.15519950866698,281.25461295630816,164.46822856250571,295.3999938964844,True,True,True,True,True,True,True,True,False,59.4270889709279,red,180.06030100499854,False,False,False,False,,Banks,Private Sector Bank,92.9788961038961,True,True,10768.72,69.88,2454213.0,0.649,—
NYKAA.NS,2026-07-31,333.3999938964844,327.04583231608075,313.0430552164714,299.6009979248047,272.1424658203125,268.41309944152835,328.285196339516,200.13999938964844,338.0,True,True,True,True,True,True,True,True,False,58.43748776352828,noise,84.64587750506564,False,False,False,False,,Retailing,E-Retail/ E-Commerce,92.77597402597402,True,True,95482.02,230.44,6911683.0,0.2413,—
MMFL.NS,2026-07-31,546.8499755859375,544.7083282470703,501.0638885498047,486.1232604980469,452.5375185139974,420.293768157959,542.8398235662285,285.5132388663281,565.0,True,True,True,True,True,True,True,True,False,58.35970720495405,noise,26.795269840546965,False,True,False,False,,Auto Components,Auto Components & Equipments,92.7353896103896,True,True,2640.28,6.06,110866.0,0.2296,—
SAILIFE.NS,2026-07-31,1315.0999755859375,1284.1666666666667,1247.7888997395833,1224.20400390625,1054.7786649576824,1012.8979983520508,1290.0925868272554,778.5,1338.0,True,True,True,True,True,True,True,True,False,58.16945772784201,noise,69.67961508102259,False,False,False,False,,Pharmaceuticals & Biotechnology,Pharmaceuticals,92.6948051948052,True,True,27918.9,75.08,570906.0,0.2689,—
UNIVASTU.NS,2026-07-31,136.67999267578125,123.69749959309895,102.6238890753852,95.61039993286133,76.10500002543131,74.49150003433228,125.74773961728746,56.02000045776367,137.5,True,True,True,True,True,True,True,True,False,57.64705592478385,ppv,64.11031895940054,False,False,True,False,,Construction,Civil Construction,92.57305194805194,True,True,491.87,2.53,185264.0,0.5148,—
CRAFTSMAN.NS,2026-07-31,9873.5,9454.083333333334,9351.337076822916,9221.53591796875,8154.568720703125,7822.514013671875,9586.717810594995,5946.743205408896,10275.0,True,True,True,True,True,True,True,True,False,57.50097459965471,red,133.66805754949854,False,False,False,False,,Auto Components,Auto Components & Equipments,92.53246753246754,True,True,25823.58,136.61,138357.0,0.529,—
APCOTEXIND.NS,2026-07-31,611.3499755859375,580.6624857584635,539.5541627671984,529.2829095458984,429.01031005859375,415.15216598510744,595.5834861558694,307.1774227167927,712.0,True,True,True,True,True,True,True,True,False,56.87859712695011,red,279.0214889701198,False,False,False,False,,Industrial Products,Rubber,92.4512987012987,True,True,3169.54,16.78,274401.0,0.5293,—
HIRECT.NS,2026-07-31,1338.300048828125,1297.0333455403645,1179.9916619194878,1155.9939965820313,893.3020007324219,865.9377505493164,1292.1230578650893,565.2000122070312,1399.0,True,True,True,True,True,True,True,True,False,56.32520581631333,noise,69.96883733363369,False,False,True,False,,Industrial Manufacturing,Industrial Products,92.24837662337663,True,True,4600.04,32.59,243502.0,0.7084,—
ANANDRATHI.NS,2026-07-31,2073.699951171875,2061.258341471354,1995.2472296820747,1929.9850024414063,1717.0104573567708,1664.0309954833983,2055.664767837562,1265.0626422868197,2176.199951171875,True,True,True,True,True,True,True,True,False,54.87804177593063,noise,25.10148159685739,False,False,False,False,,Capital Markets,Financial Products Distributor,91.96428571428571,True,True,34431.98,124.03,598087.0,0.3602,—
GLOBAL.NS,2026-07-31,104.05999755859375,102.42916615804036,103.11043908860948,103.12732009887695,97.97767542521159,92.76342756271362,102.91663980419196,54.6614122632081,121.30373994727256,True,True,True,True,True,True,True,True,False,54.11460343660255,noise,32.74081395000077,False,False,False,False,,Other Consumer Services,Education,91.72077922077922,True,True,529.68,0.91,87543.0,0.172,—
AARVI.NS,2026-07-31,156.6999969482422,155.1933339436849,148.19555621676975,143.90700073242186,133.0163335164388,130.92955001831055,154.06103297693303,96.98999786376953,168.39999389648438,True,True,True,True,True,True,True,True,False,52.89095089336957,ppv,299.44127842616984,False,False,False,False,,Commercial Services & Supplies,Diversified Commercial Services,91.55844155844156,True,True,232.08,0.69,44047.0,0.2974,—
CONFIPET.NS,2026-07-31,79.66000366210938,76.9341672261556,73.75500043233235,72.76700012207031,52.05146680196126,48.716800136566164,77.58268670038497,28.059999465942383,83.0,True,True,True,True,True,True,True,True,False,52.202159623701405,noise,94.2783034650264,False,False,False,False,,Gas,LPG/CNG/PNG/LNG Supplier,91.43668831168831,True,True,2646.63,25.65,3219490.0,0.969,—
CNL.NS,2026-07-31,993.2000122070312,960.3125050862631,833.8513878716362,783.2909997558594,695.3666662597657,693.8214990234375,968.9223245144711,525.0,1080.25,True,True,True,True,True,True,True,True,False,51.22805149076726,noise,20.358870494568663,False,False,False,False,,Commercial Services & Supplies,Trading & Distributors,91.19318181818183,True,True,1491.46,25.19,253614.0,1.6889,—
SPECTRUM.NS,2026-07-31,2363.0,2213.5333658854165,1956.3722296820747,1842.0800048828125,1471.3480004882813,1431.097498779297,2276.9311945575073,1050.0,2478.39990234375,True,True,True,True,True,True,True,True,False,50.97112661106378,noise,62.281965359000125,False,False,False,False,,Industrial Manufacturing,Industrial Products,91.15259740259741,True,True,3713.18,11.46,48493.0,0.3086,—
GOLDIAM.NS,2026-07-31,375.70001220703125,352.3708318074544,351.0899302164714,340.86474975585935,289.1250335693359,285.8470269775391,357.20053790149177,198.75,393.6499938964844,True,True,True,True,True,True,True,True,False,50.78266591979206,noise,68.10017017519986,False,False,False,False,,Consumer Durables,"Gems, Jewellery And Watches",91.11201298701299,True,True,5656.43,51.19,1362426.0,0.9049,—
MUFIN.NS,2026-07-31,131.74000549316406,127.5225003560384,128.9119455549452,127.07380096435547,117.38586675008138,115.19965000152588,128.27301552269415,82.98999786376953,138.0,True,True,True,True,True,True,True,True,False,50.76677687582658,ppv,149.474187569082,False,False,False,False,,Finance,Non Banking Financial Company (NBFC),91.07142857142857,True,True,2610.59,18.4,1396821.0,0.7049,—
DIVGIITTS.NS,2026-07-31,962.75,943.4791564941406,924.147216796875,885.6579968261718,744.3593314615886,712.0564981079101,952.4458792569956,573.7000122070312,1065.0,True,True,True,True,True,True,True,True,False,49.831661729174655,dry,18.439338972760407,False,False,False,False,,Auto Components,Auto Components & Equipments,90.8685064935065,True,True,2944.37,18.95,196795.0,0.6435,—
SCHNEIDER.NS,2026-07-31,1355.300048828125,1330.0166829427083,1356.8083360460068,1317.8500073242187,1049.9726688639323,982.5125027465821,1335.2789881201606,571.8499755859375,1548.0,True,True,True,True,True,True,True,True,False,48.98318463688041,ppv,176.96542277990454,False,False,False,False,,Electrical Equipment,Heavy Electrical Equipment,90.6655844155844,True,True,32405.77,57.31,422839.0,0.1768,—
MOTHERSON.NS,2026-07-31,150.75,145.94250106811523,145.5910284254286,144.52552673339844,128.7601389058431,124.34835788726807,146.8110367427239,89.26729985800641,154.9805816051489,True,True,True,True,True,True,True,True,True,47.65641603693132,green,114.54031200164782,False,False,False,False,,Auto Components,Auto Components & Equipments,90.3814935064935,True,True,158758.31,319.26,21178051.0,0.2011,—
RBLBANK.NS,2026-07-31,375.5,365.1041666666667,368.477776421441,363.0509997558594,330.1230000813802,325.54225021362305,368.41545618657574,242.36866167193014,383.45001220703125,True,True,True,True,True,True,True,True,False,47.35697454339207,noise,98.1549011386929,False,True,False,False,,Banks,Private Sector Bank,90.3409090909091,True,True,58148.35,205.95,5484807.0,0.3542,—
SUPREMEENG.NS,2026-07-31,2.0899999141693115,1.9074999888737996,1.5891666644149356,1.424599996805191,1.2277333315213521,1.15799999833107,1.9411975134569341,0.6800000071525574,2.0899999141693115,True,True,True,True,True,True,True,True,False,47.18309699531298,ppv,81.17557162515838,False,False,True,False,,Industrial Products,Iron & Steel Products,90.30032467532467,True,True,52.24,0.03,143122.0,0.0573,—
NAM-INDIA.NS,2026-07-31,1161.4000244140625,1152.9083455403645,1165.4178907606338,1140.2074096679687,992.9134488932292,960.367663269043,1155.8026799879622,763.9435329333959,1233.5,True,True,True,True,True,True,True,True,False,46.896627219154176,noise,94.20091572197651,False,False,False,False,,Capital Markets,Asset Management Company,90.17857142857143,True,True,74247.83,109.75,944942.0,0.1478,—
GFSTEELS.NS,2026-07-30,14.289999961853027,14.289999961853027,13.87444421980116,13.659599876403808,12.505799865722656,12.031999936103821,14.248775694068463,9.729999542236328,14.289999961853027,True,True,True,True,True,True,True,True,False,46.86537136844136,dry,0.0,False,False,True,False,,Industrial Products,Iron & Steel Products,90.13798701298701,True,True,43.48,0.0,644.0,0.0021,—
CONSOFINVT.NS,2026-07-31,298.25,286.1550013224284,252.30972290039062,246.9992007446289,221.1509341430664,209.26315040588378,287.188434780559,152.0,301.0,True,True,True,True,True,True,True,True,False,46.72602633501639,noise,54.590640997500586,False,False,False,False,,Finance,Non Banking Financial Company (NBFC),90.09740259740259,True,True,964.13,0.48,16250.0,0.0503,—
EICHERMOT.NS,2026-07-31,7833.5,7622.5964762369795,7449.587022569444,7362.94681640625,7247.254609375,7176.174743652344,7669.20711092421,5229.713978669683,8144.709619405779,True,True,True,True,True,True,True,True,False,46.57102720812985,green,117.6815744486778,False,False,False,False,,Automobiles,2/3 Wheelers,90.05681818181817,True,True,215046.58,441.4,563478.0,0.2053,—
SHIVAUM.NS,2026-07-31,440.95001220703125,414.6875,402.98055436876086,382.48499938964846,338.0616662597656,326.8577497863769,421.37019853653544,275.0,474.0,True,True,True,True,True,True,True,True,False,46.009937816897775,noise,35.058263928264196,False,False,False,False,,Commercial Services & Supplies,Trading & Distributors,89.93506493506493,True,True,599.71,0.52,11780.0,0.0866,—
GOKULAGRO.NS,2026-07-31,225.11000061035156,214.7416648864746,215.72111087375217,220.08059967041015,198.45773305257163,195.80249954223632,217.45871446562768,142.5,249.9199981689453,True,True,True,True,True,True,True,True,False,45.53741468815395,red,110.42386670860849,False,False,False,False,,Agricultural Food & other Products,Edible Oil,89.81331168831169,True,True,6642.7,11.62,516054.0,0.1749,—
TALBROAUTO.NS,2026-07-31,407.75,401.1750005086263,395.3888880411784,383.07300048828125,310.34813232421874,304.12633499145505,400.142084297489,219.89999389648438,435.0,True,True,True,True,True,True,True,True,False,45.35083862160975,noise,39.12873311398313,False,False,False,False,,Auto Components,Auto Components & Equipments,89.77272727272727,True,True,2516.97,13.78,337994.0,0.5476,—
KINGFA.NS,2026-07-31,5248.5,5091.083333333333,5087.847222222223,5155.19,4679.059344075521,4582.84150756836,5110.583872782597,3184.89990234375,5699.39990234375,True,True,True,True,True,True,True,True,True,45.291223061841436,green,122.64113411221771,False,False,False,False,,Industrial Products,Plastic Products - Industrial,89.73214285714286,True,True,7112.44,4.07,7752.0,0.0572,—
TITAN.NS,2026-07-31,4875.2001953125,4737.258382161458,4520.681776258681,4404.381059570313,4259.542893880208,4146.137076416016,4769.184392143809,3292.2971645749917,4886.0,True,True,True,True,True,True,True,True,False,44.74424131051946,green,117.89444007796628,False,False,True,False,,Consumer Durables,"Gems, Jewellery And Watches",89.52922077922078,True,True,432452.32,507.05,1040069.0,0.1173,—
MANAPPURAM.NS,2026-07-31,371.8500061035156,352.2041727701823,333.8388926188151,328.08800231933594,302.4530554199219,296.8375241088867,358.25893598718756,244.06989380600746,381.54998779296875,True,True,True,True,True,True,True,True,False,44.67294777408626,green,187.77034574980974,False,True,True,False,,Finance,Non Banking Financial Company (NBFC),89.48863636363636,True,True,34929.21,141.91,3816318.0,0.4063,—
SBCL.NS,2026-07-31,749.4500122070312,742.308339436849,741.8138885498047,737.7399975585937,568.2855025227865,541.5278785705566,741.8100273286518,368.6000061035156,814.0,True,True,True,True,True,True,True,True,False,44.37371744607261,noise,68.43444932429948,False,False,False,False,,Industrial Products,Iron & Steel Products,89.36688311688312,True,True,4317.15,33.27,443950.0,0.7707,—
ONDOOR.NS,2026-07-30,268.79998779296875,234.7791659037272,208.98888863457574,198.6089993286133,160.38499964396158,153.18049980163573,244.361967544781,100.0,275.0,True,True,True,True,True,True,True,True,False,43.82022288446148,noise,27.716186252771617,False,False,True,False,,Retailing,Diversified Retail,89.28571428571429,True,True,270.79,1.12,23326.0,0.413,—
ZYDUSWELL.NS,2026-07-31,577.5499877929688,574.9541676839193,557.606433444553,540.5587878417969,478.43079427083336,470.75474029541016,570.7571071477502,366.8171926721902,611.8499755859375,True,True,True,True,True,True,True,True,False,43.777327435409966,noise,58.48370813436867,False,False,False,False,,Food Products,Packaged Foods,89.24512987012987,True,True,18375.37,41.96,726485.0,0.2283,—
BAJAJ-AUTO.NS,2026-07-31,11520.5,10996.708333333334,10335.111111111111,10338.5079296875,9782.933489583333,9554.009794921874,11136.480116176092,7749.439654454236,11590.0,True,True,True,True,True,True,True,True,False,43.742006500623035,noise,51.11740051537589,False,False,True,False,,Automobiles,2/3 Wheelers,89.20454545454545,True,True,316327.28,482.44,418770.0,0.1525,—
NITINSPIN.NS,2026-07-31,544.2000122070312,539.6499989827474,549.9444461398655,539.901000366211,434.1810001627604,407.0162501525879,538.5967925511515,302.20001220703125,580.5,True,True,True,True,True,True,True,True,False,43.28070944108511,ppv,128.27657170597155,False,False,False,False,,Textiles & Apparels,Other Textile Products,89.08279220779221,True,True,3059.49,8.79,161572.0,0.2874,—
MACPOWER.NS,2026-07-31,1458.199951171875,1359.0333251953125,1281.0083414713542,1203.65900390625,1055.2930017089843,1018.8947509765625,1383.6463908070348,761.0,1578.800048828125,True,True,True,True,True,True,True,True,False,43.06170878969861,red,155.22483483443932,False,False,False,False,,Industrial Manufacturing,Industrial Products,89.04220779220779,True,True,1458.81,6.85,47007.0,0.4699,—
RAIN.NS,2026-07-31,222.9499969482422,219.52916717529297,203.1352793375651,199.52840118408204,158.5013333638509,148.66415016174315,219.90764268381974,99.9000015258789,228.0,True,True,True,True,True,True,True,True,False,42.69822661116529,noise,50.59676568876753,False,False,False,False,,Chemicals & Petrochemicals,Petrochemicals,88.96103896103897,True,True,7498.83,157.13,7047908.0,2.0954,—
NRL.NS,2026-07-31,106.58999633789062,106.15333239237468,94.40527767605252,87.01980018615723,64.47853340148926,64.18030002593994,104.73466303349741,45.099998474121094,114.0,True,True,True,True,True,True,True,True,False,42.53810922420136,dry,17.53317244005047,False,False,False,False,,Metals & Minerals Trading,Trading - Metals,88.87987012987013,True,True,736.21,1.4,131591.0,0.1905,—
AUBANK.NS,2026-07-31,1047.300048828125,1019.5113220214844,1034.1087171766494,1018.559189453125,989.8734883626302,971.2199081420898,1030.4887431792824,681.4882278715522,1089.3421030520049,True,True,True,True,True,True,True,True,False,41.67404596873785,green,115.44720454079729,False,False,False,False,,Banks,Other Bank,88.63636363636364,True,True,78407.42,187.8,1793226.0,0.2395,—
STARHEALTH.NS,2026-07-31,601.0,589.9791717529297,580.7527770996094,565.3500024414062,503.6803346761068,498.70700119018557,593.9048815183842,416.54998779296875,624.9000244140625,True,True,True,True,True,True,True,True,False,40.831868775629765,noise,82.03166269661499,False,False,False,False,,Insurance,General Insurance,88.39285714285714,True,True,35363.05,39.76,661533.0,0.1124,—
AUROPHARMA.NS,2026-07-31,1580.199951171875,1554.6583251953125,1537.9027709960938,1512.523994140625,1360.5493294270834,1313.582996826172,1562.6268563642816,1016.0999755859375,1636.800048828125,True,True,True,True,True,True,True,True,False,40.739267772996726,noise,36.75922889911593,False,False,False,False,,Pharmaceuticals & Biotechnology,Pharmaceuticals,88.35227272727273,True,True,90921.21,195.3,1235951.0,0.2148,—
VIVO.NS,2026-07-30,89.5,79.34166526794434,77.65416569179959,78.11399978637695,76.57933314005534,76.43050003051758,81.18983030885386,64.0,90.1500015258789,True,True,True,True,True,True,True,True,False,39.84375,ppv,238.0952380952381,False,False,True,False,,Telecom - Services,Other Telecom Services,88.23051948051948,True,True,16.32,0.01,960.0,0.0476,—
ASTERDM.NS,2026-07-31,822.1500244140625,808.2958374023438,795.7763926188151,784.3380029296875,693.0124462890625,684.6904052734375,809.9786860259113,516.8361420654307,839.4000244140625,True,True,True,True,True,True,True,True,False,39.83558495920767,noise,68.27008394538673,False,False,False,False,,Healthcare Services,Hospital,88.18993506493507,True,True,71664.55,66.23,805556.0,0.0924,—
PGIL.NS,2026-07-31,2064.800048828125,2027.0416870117188,1962.8194512261284,1873.1480078125,1652.1904915364582,1619.628441772461,2026.5914336241926,1167.6434241636657,2144.199951171875,True,True,True,True,True,True,True,True,False,39.724414457130685,noise,27.100571359665764,False,False,False,False,,Textiles & Apparels,Garments & Apparels,88.10876623376623,True,True,9536.1,29.53,143017.0,0.3097,—
NGIL.NS,2026-07-31,40.939998626708984,39.25500011444092,39.14972231123183,39.632999954223635,33.00840006510417,31.980650072097777,39.52707687101943,22.010000228881836,43.88999938964844,True,True,True,True,True,True,True,True,True,39.67928820428816,green,168.44099244494882,False,False,False,False,,Food Products,Packaged Foods,87.98701298701299,True,True,72.94,0.1,23778.0,0.1335,—
THYROCARE.NS,2026-07-31,579.0,562.3208312988281,543.3472196790907,534.8493914794922,452.3515311686198,451.6862548828125,569.6043470264775,338.148639887055,617.4500122070312,True,True,True,True,True,True,True,True,False,39.58923870716926,noise,41.120087551973306,False,False,False,False,,Healthcare Services,Healthcare Service Provider,87.94642857142857,True,True,9215.46,47.57,821656.0,0.5162,—
RML.NS,2026-07-31,1154.699951171875,1145.6164652506511,1126.8143954806858,1063.1830395507814,876.0463907877604,851.5603274536132,1145.1585882435447,599.8542523291803,1305.0896006123248,True,True,True,True,True,True,True,True,False,39.49538466257469,ppv,40.13108976934999,False,True,False,False,,Auto Components,Auto Components & Equipments,87.90584415584416,True,True,3191.26,10.59,91710.0,0.3318,—
EMCURE.NS,2026-07-31,1960.0999755859375,1883.5833129882812,1832.227766248915,1800.6919921875,1633.085996907552,1569.4174975585938,1897.8250216454205,1260.0,1999.0,True,True,True,True,True,True,True,True,False,39.410397319231684,green,146.1348073501056,False,False,True,False,,Pharmaceuticals & Biotechnology,Pharmaceuticals,87.86525974025975,True,True,37179.21,38.34,195589.0,0.1031,—
STEL.NS,2026-07-31,574.8499755859375,555.1833343505859,571.7194417317709,547.7759973144531,493.3056652832031,489.15774856567384,558.5619360043291,380.0,657.2999877929688,True,True,True,True,True,True,True,True,False,39.070997241494474,noise,23.753802362350726,False,False,False,False,,Finance,Investment Company,87.82467532467533,True,True,1060.91,0.6,10512.0,0.057,—
LLOYDSME.NS,2026-07-31,2047.0,1950.2833353678386,1832.9472249348958,1818.7717407226562,1523.0753068033855,1463.7833514404297,1973.2795320890928,1042.2770517704853,2100.0,True,True,True,True,True,True,True,True,False,38.01114934918235,ppv,166.4510291282636,False,False,False,False,,Minerals & Mining,Industrial Minerals,87.58116883116884,True,True,115180.21,111.97,546988.0,0.0972,—
HESTERBIO.NS,2026-07-31,2477.699951171875,2460.3166300455728,2264.035658094618,2182.07759765625,1747.1616373697916,1719.7526342773438,2453.142510577136,1233.9436104429194,2683.60009765625,True,True,True,True,True,True,True,True,False,37.61841493624238,noise,34.71259180760523,False,True,False,False,,Pharmaceuticals & Biotechnology,Pharmaceuticals,87.37824675324676,True,True,2107.75,8.71,35160.0,0.4133,—
SANGAMIND.NS,2026-07-31,609.9000244140625,616.8333333333334,574.2207200792101,559.5537481689453,496.3655350748698,482.0752261352539,609.7531801950814,338.59289311880764,672.5,True,True,True,True,True,True,True,True,False,37.22016144231783,dry,11.415377382250746,False,False,False,False,,Textiles & Apparels,Other Textile Products,87.2564935064935,True,True,3007.42,6.93,113659.0,0.2305,—
NESTLEIND.NS,2026-07-31,1509.5999755859375,1467.1166687011719,1432.2620510525173,1424.13794921875,1343.2511140950521,1318.804395751953,1480.5681886315413,1073.713620089896,1532.5999755859375,True,True,True,True,True,True,True,True,False,37.162963888065036,red,115.59137979011862,False,True,False,False,,Food Products,Packaged Foods,87.13474025974025,True,True,291098.33,310.15,2054488.0,0.1065,—
TORNTPHARM.NS,2026-07-31,5122.7998046875,4970.666666666667,4768.1111246744795,4676.88001953125,4324.743517252604,4162.278400878906,4966.578897992302,3450.040733610751,5140.7001953125,True,True,True,True,True,True,True,True,False,37.15602060237171,green,203.94463927399858,False,False,True,False,,Pharmaceuticals & Biotechnology,Pharmaceuticals,87.05357142857143,True,True,194854.84,297.5,580728.0,0.1527,—
XPROINDIA.NS,2026-07-31,1500.4000244140625,1390.7666524251301,1382.703904893663,1318.4472045898438,1097.59694539388,1081.2826501464845,1405.0875812667045,786.9688181552652,1572.6395438881225,True,True,True,True,True,True,True,True,False,36.57497981867082,ppv,176.88845637928574,False,False,False,False,,Industrial Products,Packaging,86.93181818181817,True,True,3521.5,9.98,66510.0,0.2834,—
GRETEX.NS,2026-07-30,300.0,301.6666666666667,283.77777777777777,272.8020001220703,255.5096669514974,239.56025009155275,299.3720119368495,180.5,304.0,True,True,True,True,True,True,True,True,False,36.36363636363635,dry,0.0,False,False,False,False,,Entertainment,Media & Entertainment,86.85064935064936,True,True,194.07,0.06,4430.0,0.0299,—
ESAFSFB.NS,2026-07-31,42.04999923706055,37.02333323160807,34.586389011806915,32.74300006866455,28.410399996439615,28.097749967575073,37.64593986492272,19.780000686645508,43.0,True,True,True,True,True,True,True,True,False,35.339554715429955,ppv,1452.4340945064437,True,False,True,False,,Banks,Other Bank,86.60714285714286,True,True,2169.86,8.26,1963824.0,0.3806,—
PRECOT.NS,2026-07-31,809.5499877929688,820.6499989827474,773.6305525037977,769.1409997558594,580.4793345133463,545.7367514038086,807.9399982915812,300.04998779296875,876.75,True,True,True,True,True,True,True,True,False,35.29705661330438,noise,65.69046112284023,False,False,False,False,,Textiles & Apparels,Other Textile Products,86.56655844155844,True,True,971.46,0.64,7898.0,0.0658,—
RSWM.NS,2026-07-31,214.57000732421875,213.37250137329102,202.70416598849826,198.24919952392577,165.03780014038085,161.98965015411378,212.3192477951878,120.0,224.0,True,True,True,True,True,True,True,True,False,34.89029826149383,dry,16.58259772344691,False,False,False,False,,Textiles & Apparels,Other Textile Products,86.4853896103896,True,True,1010.66,3.6,167999.0,0.3567,—
SMVD.NS,2026-07-30,14.600000381469727,14.491666952768961,13.001389079623753,12.518000164031982,10.761000048319499,9.671250042915345,14.445801283537406,5.599999904632568,14.600000381469727,True,True,True,True,True,True,True,True,False,33.9449623158643,dry,0.0,False,False,True,False,,Industrial Products,Plastic Products - Industrial,86.28246753246754,True,True,13.44,0.0,808.0,0.0081,—
GRINDWELL.NS,2026-07-31,2120.199951171875,2093.9500122070312,2079.5931803385415,2025.6164135742188,1727.6332210286457,1691.3021215820313,2079.980851204699,1316.5038257707065,2455.0,True,True,True,True,True,True,True,True,False,32.91465219702374,noise,25.566015420520444,False,True,False,False,,Industrial Products,Abrasives & Bearings,86.07954545454545,True,True,23474.85,23.68,111710.0,0.1009,—
CUBEINVIT.NS,2026-07-31,156.8800048828125,153.09416707356772,151.14944458007812,150.5097998046875,142.29190948486328,138.82601951599122,153.4466293165772,118.04603576660156,158.39999389648438,True,True,True,True,True,True,True,True,False,32.897308972740724,ppv,2396.597269322117,False,False,True,False,BSE,Transport Infrastructure,"Road AssetsToll, Annuity, Hybrid-Annuity",86.03896103896103,True,True,,,,,—
AUSOMENT.NS,2026-07-31,143.13999938964844,132.9450003306071,122.592499838935,123.72179992675781,119.45886642456054,116.16304985046386,134.56473378530617,93.0,178.0,True,True,True,True,True,True,True,True,False,32.59248716029337,ppv,185.58085009832098,False,False,False,False,,Consumer Durables,"Gems, Jewellery And Watches",85.95779220779221,True,True,195.01,0.09,6167.0,0.0453,—
SIGNORIA.NS,2026-07-30,141.75,137.42499923706055,116.39166577657063,100.55799926757813,82.99500002543131,82.8160001564026,137.26472100101083,53.099998474121094,157.1999969482422,True,True,True,True,True,True,True,True,False,32.476635514018696,dry,0.0,False,False,False,False,,Textiles & Apparels,Garments & Apparels,85.91720779220779,True,True,67.42,0.14,10107.0,0.2124,—
CARYSIL.NS,2026-07-31,1175.300048828125,1165.6000061035156,1173.0722215440537,1155.327001953125,966.2346659342448,962.4169998168945,1166.609155184592,732.0999755859375,1280.9000244140625,True,True,True,True,True,True,True,True,False,31.502947530394177,noise,35.81059784763909,False,True,False,False,,Consumer Durables,Household Appliances,85.59253246753246,True,True,3342.86,18.62,158388.0,0.5569,—
SRIVASAVI.NS,2026-07-30,86.0,86.19166692097981,75.45277818044026,68.91200035095216,56.55433334350586,56.19850002288818,84.6176004896954,39.0,98.0,True,True,True,True,True,True,True,True,False,30.303030303030297,dry,0.0,False,True,False,False,,Industrial Products,Other Industrial Products,85.06493506493507,True,True,151.66,0.14,12800.0,0.0903,—
BLUSPRING.NS,2026-07-31,115.8499984741211,110.68666648864746,109.78555573357477,101.52240020751952,74.23253356933594,74.10620010375976,111.70044721392537,43.97999954223633,131.82000732421875,True,True,True,True,True,True,True,True,False,29.83300920734415,noise,36.235484718516645,False,False,False,False,,Commercial Services & Supplies,Diversified Commercial Services,84.94318181818183,True,True,1731.27,11.44,987564.0,0.6608,—
IFCI.NS,2026-07-31,76.54000091552734,72.06000010172527,76.90472221374512,75.48100006103516,63.54166659037272,60.82849992752075,72.73384301736638,46.22999954223633,95.80000305175781,True,True,True,True,True,True,True,True,False,29.72881511106329,noise,75.18770777966942,False,False,False,False,,Finance,Financial Institution,84.90259740259741,True,True,20622.28,434.6,56781149.0,2.1074,—
CBAZAAR.NS,2026-07-30,6.349999904632568,6.379166603088379,5.534722182485792,5.164999980926513,4.666999988555908,4.481749986410141,6.32995081860872,3.049999952316284,6.550000190734863,True,True,True,True,True,True,True,True,False,29.591832266207476,dry,0.0,False,False,False,False,,Retailing,E-Retail/ E-Commerce,84.78084415584416,True,True,33.36,0.03,20553.0,0.0958,—
SUNFLAG.NS,2026-07-31,365.29998779296875,354.7583312988281,349.94583214653863,356.7420007324219,296.8329333496094,287.31545059204103,356.117945542088,192.14999389648438,428.0,True,True,True,True,True,True,True,True,False,29.494635397656065,ppv,68.58047945713287,False,False,False,False,,Industrial Products,Iron & Steel Products,84.6590909090909,True,True,6583.42,29.6,810218.0,0.4496,—
INDUSINVIT.NS,2026-07-31,132.0,130.6599998474121,128.05166625976562,127.13719985961914,121.67867482503256,118.94017421722413,130.78091635453362,100.32380921540823,132.0500030517578,True,True,True,True,True,True,True,True,False,28.852208342313723,ppv,328.08076163180846,True,False,True,False,BSE,Transport Infrastructure,"Road AssetsToll, Annuity, Hybrid-Annuity",84.3344155844156,True,True,,,,,—
MANCREDIT.NS,2026-07-31,245.27999877929688,224.9875005086263,229.01999961005316,220.67359924316406,185.7241995239258,183.27369972229005,228.33487056813144,152.05999755859375,265.0,True,True,True,True,True,True,True,True,False,28.385698202515396,noise,85.78828347584763,False,False,False,False,,Finance,Non Banking Financial Company (NBFC),84.1314935064935,True,True,517.88,8.68,353812.0,1.6757,—
APOLLOPIPE.NS,2026-07-31,515.5999755859375,497.26666768391925,492.00199211968317,493.0025238037109,415.1358333333333,387.4570701599121,499.4189725246388,251.75001240064898,553.2308861624971,True,True,True,True,True,True,True,True,False,27.89563766594272,green,285.643098624284,False,False,False,False,,Industrial Products,Plastic Products - Industrial,83.96915584415584,True,True,2264.48,13.62,264126.0,0.6014,—
STEELCAS.NS,2026-07-31,309.95001220703125,306.8716812133789,303.1211853027344,297.4742071533203,259.16524383544925,248.35585304260255,308.33337118320577,175.37323988169507,343.40165919456246,True,True,True,True,True,True,True,True,False,27.753698167727414,noise,69.20836555569647,False,False,False,False,,Industrial Products,Castings & Forgings,83.92857142857143,True,True,3136.69,6.0,193595.0,0.1913,—
SOLARINDS.NS,2026-07-31,18391.0,18518.224772135418,18148.41579861111,18174.4015234375,15434.074036458333,14912.084125976562,18367.621301400828,11639.12322904721,19175.669773650465,True,True,True,True,True,True,True,True,False,27.198911752826316,noise,64.88923551614616,False,False,False,False,,Chemicals & Petrochemicals,Explosives,83.6038961038961,True,True,166420.26,284.4,154640.0,0.1709,—
RAJRATAN.NS,2026-07-31,495.0,493.77916463216144,468.4265958997938,455.69060485839844,437.4721209716797,434.9932518005371,491.05096350138746,304.31768608201764,544.0,True,True,True,True,True,True,True,True,False,26.641927230642427,noise,66.91443874079653,False,True,False,False,,Auto Components,Auto Components & Equipments,83.3198051948052,True,True,2513.16,7.15,144455.0,0.2845,—
AJANTPHARM.NS,2026-07-31,3465.199951171875,3434.2833048502603,3317.2694227430557,3229.4339794921875,3000.0773225911457,2881.7872229003906,3419.4280151696175,2304.0552404050886,3598.800048828125,True,True,True,True,True,True,True,True,False,26.63326468788627,ppv,161.49597299787087,False,False,False,False,,Pharmaceuticals & Biotechnology,Pharmaceuticals,83.27922077922078,True,True,43292.69,47.74,137779.0,0.1103,—
RAMRAT.NS,2026-07-31,448.5,428.01768493652344,412.9418139987522,411.716318359375,362.8744211832682,349.09306701660154,435.4978891276006,266.4076130636512,516.9102884316486,True,True,True,True,True,True,True,True,False,26.086367901873885,red,202.92923215872082,False,False,False,False,,Electrical Equipment,Other Electrical Equipment,82.95454545454545,True,True,4186.71,10.82,241165.0,0.2583,—
MSTCLTD.NS,2026-07-31,618.2000122070312,605.9041646321615,651.731943766276,603.6809985351563,499.7943007405599,499.5645138549805,612.5967392473584,362.1499938964844,743.9000244140625,True,True,True,True,True,True,True,True,False,25.62241991664356,dry,16.2293267328676,False,False,False,False,,Commercial Services & Supplies,Trading & Distributors,82.75162337662337,True,True,4352.13,79.7,1289206.0,1.8313,—
INDUSINDBK.NS,2026-07-31,1012.4500122070312,1020.2208302815756,977.6872931586372,958.5165075683594,909.273594156901,886.9331948852539,1012.0466245137162,709.4508644993872,1077.8499755859375,True,True,True,True,True,True,True,True,False,25.475116141013988,green,126.79529640735525,False,False,False,False,,Banks,Private Sector Bank,82.62987012987013,True,True,78883.3,217.29,2146145.0,0.2755,—
DURLAX.NS,2026-07-30,57.349998474121094,50.47083346048991,49.30833329094781,51.67599990844727,47.649995956420895,45.564496974945065,52.17850082866181,30.549999237060547,64.3499984741211,True,True,True,True,True,True,True,True,False,24.945526291075517,green,139.1465677179963,False,False,False,False,,Consumer Durables,"Furniture, Home Furnishing",82.38636363636364,True,True,140.23,0.66,84861.0,0.4696,—
ASHIANA.NS,2026-07-31,390.6499938964844,383.67083231608075,381.8944439358181,376.8879998779297,336.63273966471354,325.12179412841795,385.08217081248205,268.63644581896057,435.8999938964844,True,True,True,True,True,True,True,True,False,24.24317453612701,noise,34.421612877908096,False,False,False,False,,Realty,"Residential, Commercial Projects",82.0211038961039,True,True,3927.0,7.64,195682.0,0.1947,—
BIRLACABLE.NS,2026-07-31,203.80999755859375,192.2729466756185,196.99171702067056,197.53729522705078,158.89876403808594,155.9994394683838,195.49267818301286,103.34114160024168,239.4732105678873,True,True,True,True,True,True,True,True,False,23.455769073640752,noise,64.94333901762262,False,False,False,False,,Telecom -  Equipment & Accessories,Telecom -  Equipment & Accessories,81.37175324675324,True,True,611.43,1.65,81086.0,0.2703,—
SIEMENS.NS,2026-07-31,3760.0,3666.2421264648438,3604.9933064778647,3627.183955078125,3395.605983072917,3333.6723315429685,3665.8094325819807,2812.180840788319,3918.046693440453,True,True,True,True,True,True,True,True,False,23.4150963475255,ppv,134.90493947382853,False,False,False,False,,Electrical Equipment,Heavy Electrical Equipment,81.2905844155844,True,True,133901.31,157.47,418810.0,0.1176,—
GLAND.NS,2026-07-31,2502.89990234375,2461.2916666666665,2398.4222208658853,2365.3139990234376,1973.8686669921874,1933.6385021972656,2471.819923419428,1573.5999755859375,2586.0,True,True,True,True,True,True,True,True,False,23.085979437241132,noise,44.49697179315839,False,True,False,False,,Pharmaceuticals & Biotechnology,Pharmaceuticals,81.04707792207793,True,True,41287.76,169.93,678918.0,0.4116,—
DIVISLAB.NS,2026-07-31,8056.0,7457.141764322917,6978.3542887369795,6881.198271484375,6483.488821614584,6483.248630371094,7557.626603893578,5613.352076705792,8090.0,True,True,True,True,True,True,True,True,False,22.86179644485644,ppv,193.46639239179711,False,False,True,False,,Pharmaceuticals & Biotechnology,Pharmaceuticals,80.9659090909091,True,True,213861.49,307.69,381937.0,0.1439,—
CENTENKA.NS,2026-07-31,610.4500122070312,573.558339436849,538.5277828640408,527.321005859375,464.5250026448568,461.91725204467775,584.3851567062434,371.20001220703125,671.6500244140625,True,True,True,True,True,True,True,True,False,22.809567262481465,noise,55.90288883543996,False,False,False,False,,Textiles & Apparels,Other Textile Products,80.88474025974025,True,True,1333.87,11.13,182377.0,0.8347,—
IMPEXFERRO.NS,2026-07-30,2.5,2.399166703224182,2.381111138396793,2.302600018978119,1.8945333409309386,1.8900500053167344,2.430223614015955,1.2999999523162842,2.6600000858306885,True,True,True,True,True,True,True,True,True,22.549021899448142,dry,0.0,False,False,False,False,,Ferrous Metals,Ferro & Silica Manganese,80.80357142857143,True,True,22.34,0.01,28607.0,0.032,—
BAHETI.NS,2026-07-30,711.7000122070312,708.7750040690104,700.0861138237847,672.8320043945313,610.6856677246094,601.5970010375977,710.4898219996205,478.0,799.9500122070312,True,True,True,True,True,True,True,True,False,21.606153303209098,noise,61.74654513378418,False,False,False,False,,Industrial Products,"Aluminium, Copper & Zinc Products",80.43831168831169,True,True,294.47,0.75,26365.0,0.2543,—
FIEMIND.NS,2026-07-31,2323.300048828125,2310.158976236979,2253.349839952257,2250.7449462890627,2186.849529622396,2180.236845703125,2316.32086682114,1763.517098255898,2511.8813121975145,True,True,True,True,True,True,True,True,False,21.552095769834388,red,280.77802499336985,False,False,False,False,,Auto Components,Auto Components & Equipments,80.39772727272727,True,True,6114.85,11.14,47963.0,0.1822,—
APOLLOHOSP.NS,2026-07-31,8957.0,8898.125,8736.236111111111,8615.89,7867.646162109375,7759.4869384765625,8908.365884492023,6687.621668232306,9036.5,True,True,True,True,True,True,True,True,False,20.44489653022412,noise,84.10907211470386,False,False,False,False,,Healthcare Services,Hospital,79.87012987012987,True,True,128787.92,318.94,356082.0,0.2476,—
ARMANFIN.NS,2026-07-31,1941.0,1941.6249898274739,1798.7583312988281,1756.0839965820312,1628.9613346354167,1622.782000732422,1924.6276775894878,1270.0,2069.199951171875,True,True,True,True,True,True,True,True,False,20.26022304832713,noise,55.98732335973129,False,False,False,False,,Finance,Non Banking Financial Company (NBFC),79.62662337662337,True,True,2040.92,9.94,51232.0,0.4872,—
METROPOLIS.NS,2026-07-31,582.4500122070312,574.6833292643229,557.4972212049696,551.3710009765625,501.48362325032554,497.0002075195313,577.9345151172902,411.4375158286193,609.0499877929688,True,True,True,True,True,True,True,True,False,19.942394635833537,red,121.2091303141714,False,False,False,False,,Healthcare Services,Healthcare Service Provider,79.4237012987013,True,True,12078.2,26.98,463262.0,0.2234,—
MAHLOG.NS,2026-07-31,409.5,401.80416615804035,381.64034186469183,371.0959680175781,367.9303476969401,358.8745434570312,404.1849668704996,273.2820886223393,447.10758500270833,True,True,True,True,True,True,True,True,False,18.843468531602305,noise,96.57604858855005,False,False,False,False,,Transport Services,Logistics Solution Provider,78.97727272727273,True,True,4063.16,11.17,272668.0,0.2748,—
GULPOLY.NS,2026-07-31,197.32000732421875,188.83916600545248,193.72472127278647,192.9377996826172,169.9686666870117,163.35839988708497,192.2908248655488,121.5,221.75,True,True,True,True,True,True,True,True,False,18.558876157448047,noise,20.234967439425496,False,False,False,False,,Agricultural Food & other Products,Other Agricultural Products,78.69318181818183,True,True,1227.0,13.02,659847.0,1.0611,—
QUESS.NS,2026-07-31,332.54998779296875,301.36666615804035,279.6413875155979,262.9645986938477,218.51433319091797,217.05450881958006,306.0132642350724,164.1008444924352,347.3500061035156,True,True,True,True,True,True,True,True,False,17.762772756711698,ppv,1299.449486962401,False,False,True,False,,Commercial Services & Supplies,Diversified Commercial Services,78.24675324675324,True,True,4966.96,39.84,1197908.0,0.802,—
ONEPOINT.NS,2026-07-31,57.459999084472656,55.111666679382324,56.684444427490234,57.38760009765625,53.60220013936361,52.932750129699706,55.89013504267234,40.58000183105469,65.8499984741211,True,True,True,True,True,True,True,True,False,17.60130652208605,noise,70.14761268270603,False,False,False,False,,Commercial Services & Supplies,Business Process Outsourcing (BPO)/ Knowledge Process Outsourcing (KPO),78.1655844155844,True,True,1508.31,8.64,1502831.0,0.5725,—
AYMSYNTEX.NS,2026-07-31,251.80999755859375,239.79333368937174,233.09944322374133,229.52539947509766,203.37113311767578,194.93384986877442,241.51208271253748,141.52999877929688,281.2200012207031,True,True,True,True,True,True,True,True,False,16.930573680853445,green,169.13192065987144,False,False,False,False,,Textiles & Apparels,Other Textile Products,77.67857142857143,True,True,1478.98,0.95,37565.0,0.064,—
DIAMONDYD.NS,2026-07-31,1159.5,1133.8916524251301,1147.3666585286458,1140.167998046875,1075.0193351236978,1072.6495040893556,1132.653874327125,858.9000244140625,1228.9000244140625,True,True,True,True,True,True,True,True,False,16.56787948571392,noise,25.70315185440506,False,False,False,False,,Food Products,Packaged Foods,77.3538961038961,True,True,2771.62,6.89,59453.0,0.2487,—
KDDL.NS,2026-07-31,3302.0,3166.7666625976562,3138.441650390625,3049.4239892578125,2581.915997721354,2550.6622265625,3180.9874980746577,1990.0,3416.0,True,True,True,True,True,True,True,True,False,15.918871654892207,ppv,92.88322603044976,False,False,False,False,,Consumer Durables,"Gems, Jewellery And Watches",76.94805194805194,True,True,4061.22,15.28,46283.0,0.3763,—
WOCKPHARMA.NS,2026-07-31,1959.699951171875,1891.0583190917969,1916.1305440266926,1912.3199853515625,1562.4966577148436,1509.090493774414,1899.6831030237754,1086.699951171875,2422.300048828125,True,True,True,True,True,True,True,True,False,15.459841795498686,noise,35.68784575738156,False,False,False,False,,Pharmaceuticals & Biotechnology,Pharmaceuticals,76.62337662337663,True,True,31843.59,443.36,2262404.0,1.3923,—
ALIVUS.NS,2026-07-31,1160.0,1127.5,1120.3555535210503,1099.1379992675782,1011.2703348795573,984.9247512817383,1126.9578147123036,819.0,1193.9000244140625,True,True,True,True,True,True,True,True,False,14.10680485888609,green,241.30638304278324,False,False,False,False,,Pharmaceuticals & Biotechnology,Pharmaceuticals,75.48701298701299,True,True,14237.78,11.05,95235.0,0.0776,—
ZYDUSLIFE.NS,2026-07-31,1126.800048828125,1125.363993326823,1117.2849561903213,1108.5398999023437,978.114726155599,970.6612515258789,1121.3669765423576,834.749872350541,1180.4391594331853,True,True,True,True,True,True,True,True,False,13.36509428192394,noise,54.19622778193089,False,False,False,False,,Pharmaceuticals & Biotechnology,Pharmaceuticals,75.08116883116884,True,True,112398.74,176.97,1570580.0,0.1575,—
VELS.NS,2026-07-30,73.0,73.0,70.48333231608073,69.88599884033204,62.697999521891276,62.244249534606936,72.70839554996945,39.75,73.0,True,True,True,True,True,True,True,True,False,11.877394636015314,dry,0.0,False,False,True,False,,Entertainment,"Film Production, Distribution & Exhibition",74.31006493506493,True,True,74.87,0.0,55.0,0.0004,—
NAHARSPING.NS,2026-07-31,281.1000061035156,278.9333318074544,266.58194308810766,267.34879821777344,229.43559967041017,222.57404983520507,278.2015036826589,149.1999969482422,291.7900085449219,True,True,True,True,True,True,True,True,False,11.637052396938486,noise,59.02448154399478,False,False,False,False,,Textiles & Apparels,Other Textile Products,74.06655844155844,True,True,1013.8,0.37,13154.0,0.0365,—
INNOVACAP.NS,2026-07-31,974.25,971.6583353678385,966.423607720269,939.9689978027344,794.8336437988281,783.9352609252929,970.3344620492987,622.0,1034.8499755859375,True,True,True,True,True,True,True,True,False,11.08860712274662,noise,47.792626137815596,False,False,False,False,,Pharmaceuticals & Biotechnology,Pharmaceuticals,73.57954545454545,True,True,5575.14,7.06,72470.0,0.1266,—
AARTIIND.NS,2026-07-31,489.1000061035156,488.6000035603841,480.9069468180339,476.3960009765625,443.47400146484375,427.097000579834,485.18858262292633,338.04998779296875,523.0999755859375,True,True,True,True,True,True,True,True,False,10.926014043949372,ppv,845.5196238050986,False,False,False,False,,Chemicals & Petrochemicals,Specialty Chemicals,73.45779220779221,True,True,17740.96,56.5,1155135.0,0.3185,—
AMBIKCO.NS,2026-07-31,1711.800048828125,1709.6083170572917,1707.5722147623699,1690.2179907226562,1465.6239998372396,1426.0649993896484,1707.7442901927152,1101.0,1816.300048828125,True,True,True,True,True,True,True,True,False,10.229263684089428,noise,23.672010058148672,False,False,False,False,,Textiles & Apparels,Other Textile Products,73.25487012987013,True,True,980.01,2.91,16986.0,0.2967,—
SONAMLTD.NS,2026-07-31,55.220001220703125,55.0716667175293,54.34861108991835,54.92639999389648,50.36906659444173,48.245749969482425,54.91115415541318,37.400001525878906,63.0,True,True,True,True,True,True,True,True,False,10.00000075989984,noise,50.758173929581076,False,True,False,False,,Consumer Durables,Consumer Electronics,73.1737012987013,True,True,221.06,0.32,57246.0,0.143,—
PFC.NS,2026-07-31,424.3500061035156,412.0475031534831,416.4896070692274,418.44345947265623,409.32595092773437,396.7166110229492,416.1260254445093,321.10284542401155,481.99167945892475,True,True,True,True,True,True,True,True,False,8.22490879558966,ppv,178.20324497846022,False,False,False,False,,Finance,Financial Institution,71.95616883116884,True,True,140039.82,242.17,5706962.0,0.1729,—
VOLTAMP.NS,2026-07-31,9923.0,9353.836181640625,9665.240424262152,9579.5805859375,8929.308095703125,8621.145283203125,9419.263455219938,6594.353209382375,12724.746990128295,True,True,True,True,True,True,True,True,False,8.032438803531793,ppv,1374.5510634407538,False,False,False,False,,Electrical Equipment,Heavy Electrical Equipment,71.75324675324676,True,True,10039.22,56.72,57160.0,0.565,—
MONARCH.NS,2026-07-31,390.1499938964844,372.09583791097003,355.88194698757593,350.4300012207031,309.6279335530599,309.2374501037598,378.01865430752684,235.4499969482422,403.79998779296875,True,True,True,True,True,True,True,True,False,7.967637497816904,noise,24.765934893519393,False,True,False,False,,Capital Markets,Stockbroking & Allied,71.71266233766234,True,True,3094.21,8.76,224600.0,0.2832,—
HMVL.NS,2026-07-31,94.62999725341797,92.56749979654948,88.88999960157606,84.70339950561524,73.01053276062012,72.97654947280884,93.23671236920178,55.20000076293945,100.0,True,True,True,True,True,True,True,True,False,7.534087787974975,noise,60.25478656454064,False,False,False,False,,Media,Print Media,71.38798701298701,True,True,695.67,0.55,57949.0,0.0788,—
UNIMECH.NS,2026-07-31,1235.9000244140625,1233.616678873698,1186.7652893066406,1142.4710119628905,981.3020048014323,979.2757531738281,1212.196275192334,695.0,1323.0,True,True,True,True,True,True,True,True,False,7.394853317272276,noise,80.23172023406435,False,False,False,False,,Aerospace & Defense,Aerospace & Defense,71.26623376623377,True,True,6290.98,15.07,121910.0,0.2395,—
KIMS.NS,2026-07-31,804.7000122070312,796.4416656494141,802.8444468180338,793.1530041503906,707.8206677246094,703.183500366211,800.0760740580446,575.7999877929688,858.0,True,True,True,True,True,True,True,True,False,7.3148014145407725,noise,68.04824582394033,False,True,False,False,,Healthcare Services,Hospital,71.18506493506493,True,True,32199.18,48.53,603046.0,0.1507,—
WSTCSTPAPR.NS,2026-07-31,569.5,550.0625050862631,530.0166685316298,523.6080017089844,465.93000142415366,457.4895014953613,558.2820667757727,375.0,590.0,True,True,True,True,True,True,True,True,False,6.832640060087503,noise,65.21999650648421,False,False,False,False,,"Paper, Forest & Jute Products",Paper & Paper Products,70.90097402597402,True,True,3761.49,10.57,185556.0,0.2809,—
