rank,symbol,date,close,MA12,MA36,MA50,MA150,MA200,EMA10,52w_low,52w_high,cond1_price_above_150_200,cond2_ma150_above_ma200,cond3_ma200_trending_up_1m,cond4_ma50_above_150_200,cond5_price_above_ma50,cond6_30pct_above_52w_low,cond7_within_25pct_52w_high,cond9_price_above_ema10,fresh_ma12_cross_today,12m_return_pct,volume_signal,relative_volume,bull_snort,inside_bar,is_52w_high,is_52w_low,data_source,industry_group,industry,rs_percentile,cond8_rs_at_least_70,all_conditions_met,total_market_cap_cr,traded_value_cr,traded_volume,traded_val_pct_mc,price_band,rs_score,vcp_score,volume_score,newhigh_score,entry_score,group_score,entry_status,market_state,market_multiplier,minervini_score,grade
1,BHARATFORG.NS,2026-07-31,2199.800048828125,2174.8666788736978,2122.7882080078125,2067.234709472656,1824.9819514973958,1708.7250177001954,2171.598426315647,1095.9181470372112,2231.230381760876,True,True,True,True,True,True,True,True,False,85.86430725928264,ppv,87.16617798158704,False,False,False,False,,Auto Components,Auto Components & Equipments,95.76202118989406,True,True,105169.94,259.41,1179243.0,0.2467,—,75.6,67.5,92.5,91.2,97.4,77.08333333333334,actionable,unknown,1.0,82.4,A
2,SIGMAADV.NS,2026-07-31,623.5499877929688,556.9416656494141,551.9166624281141,516.4979968261719,307.4022662353516,277.3646001434326,574.6008683650575,107.0999984741211,638.0999755859375,True,True,True,True,True,True,True,True,False,482.2128820511973,noise,66.32532662259217,False,True,True,False,,Aerospace & Defense,Aerospace & Defense,99.79625101874491,True,True,10989.43,26.31,421983.0,0.2394,—,69.5,55.0,91.6,95.4,100.0,89.58333333333334,actionable,unknown,1.0,81.3,A
3,RML.NS,2026-07-31,1154.699951171875,1145.6164652506511,1126.8143954806858,1063.1830395507814,876.0463907877604,851.5603274536132,1145.1585882435447,599.8542523291803,1305.0896006123248,True,True,True,True,True,True,True,True,False,39.49538466257469,ppv,40.13108976934999,False,True,False,False,,Auto Components,Auto Components & Equipments,87.85656071719642,True,True,3191.26,10.49,90874.0,0.3288,—,61.7,61.4,87.5,71.0,100.0,77.08333333333334,actionable,unknown,1.0,75.5,A
4,TALBROAUTO.NS,2026-07-31,407.75,401.1750005086263,395.3888880411784,383.07300048828125,310.34813232421874,304.12633499145505,400.142084297489,219.89999389648438,435.0,True,True,True,True,True,True,True,True,False,45.35083862160975,noise,39.14822705914538,False,False,False,False,,Auto Components,Auto Components & Equipments,89.64955175224124,True,True,2516.97,13.64,334533.0,0.5419,—,63.6,55.4,81.6,81.5,100.0,77.08333333333334,actionable,unknown,1.0,74.8,A
5,CONFIPET.NS,2026-07-31,79.66000366210938,76.9341672261556,73.75500043233235,72.76700012207031,52.05146680196126,48.716800136566164,77.58268670038497,28.059999465942383,83.0,True,True,True,True,True,True,True,True,False,52.202159623701405,noise,94.27982464472873,False,False,False,False,,Gas,LPG/CNG/PNG/LNG Supplier,91.44254278728606,True,True,2646.63,25.62,3216778.0,0.9682,—,80.0,43.0,77.0,86.0,88.5,72.91666666666666,actionable,unknown,1.0,73.0,A
6,RPTECH.NS,2026-07-31,833.5499877929688,774.0499979654948,752.0861138237847,692.9020031738281,497.4930010986328,456.46550064086915,789.0343926115138,274.03069500955513,842.0,True,True,True,True,True,True,True,True,False,193.3916913605536,noise,25.324810876435834,False,True,True,False,,IT - Hardware,Computers Hardware & Equipments,99.10350448247759,True,True,5493.07,102.71,1232215.0,1.8698,—,84.8,45.4,96.5,98.0,40.7,70.83333333333334,actionable,unknown,1.0,71.9,A
7,MANGLMCEM.NS,2026-07-31,950.4500122070312,972.8499959309896,930.0472208658854,905.0589990234375,855.1423315429688,828.8957485961914,962.2008111847774,679.3499755859375,1023.4500122070312,True,True,True,True,True,True,True,False,False,31.57141518558233,noise,31.74699110859207,False,False,False,False,,Cement & Cement Products,Cement & Cement Products,85.57457212713936,True,True,2613.48,7.04,74064.0,0.2694,—,56.3,54.5,96.5,79.7,86.1,64.58333333333334,actionable,unknown,1.0,71.7,A
8,OFSS.NS,2026-07-31,11186.0,11268.5,10823.222222222223,10569.65,8543.62734700521,8402.849213867188,11211.252237419592,6060.863819699785,11979.0,True,True,True,True,True,True,True,False,False,34.859020695205764,noise,79.49747423991552,False,False,False,False,,IT - Software,Software Products,86.43031784841075,True,True,97402.67,375.83,335979.0,0.3858,—,45.3,45.4,80.1,80.8,100.0,93.75,actionable,unknown,1.0,71.3,A
9,GRWRHITECH.NS,2026-07-31,7151.5,6958.708333333333,6826.902777777777,6569.14400390625,4790.603336588541,4487.232501220703,6992.5498427403045,2671.6173087131406,7199.5,True,True,True,True,True,True,True,True,False,100.13430858850066,noise,65.43326087230612,False,False,False,False,,Industrial Products,Plastic Products - Industrial,97.14751426242869,True,True,16614.65,71.81,100410.0,0.4322,—,84.8,45.2,71.5,92.7,92.2,41.66666666666667,actionable,unknown,1.0,70.1,A
10,RRKABEL.NS,2026-07-31,2602.800048828125,2458.8249715169272,2365.2457817925347,2285.6282421875,1767.3641471354167,1669.0386004638672,2499.268922039485,1158.7465736666888,2775.0,True,True,True,True,True,True,True,True,False,88.33007630931262,noise,70.71049396640585,False,False,True,False,,Industrial Products,Cables - Electricals,96.08801955990221,True,True,29439.1,207.4,796848.0,0.7045,—,76.9,48.1,96.5,87.6,67.5,41.66666666666667,actionable,unknown,1.0,69.3,B
11,UFBL.NS,2026-07-31,701.6500244140625,685.5333302815756,680.9277750651041,631.3379992675781,382.9733331298828,335.86459999084474,691.2779916293465,172.33999633789062,763.3499755859375,True,True,True,True,True,True,True,True,False,129.44736835277126,noise,30.734182909856095,False,True,False,False,,Leisure Services,Restaurants,98.0440097799511,True,True,2742.5,27.13,386591.0,0.9891,—,74.3,35.0,87.0,77.8,50.0,97.91666666666666,watch — approaching pivot,unknown,1.0,69.0,B
12,DREDGECORP.NS,2026-07-31,1139.4000244140625,1045.2083333333333,1075.6083374023438,1095.9930078125,1007.7033341471354,963.953500366211,1073.1310903000892,538.0,1286.0,True,True,True,True,True,True,True,True,False,66.15384971404484,ppv,75.28742286895792,False,False,False,False,,Engineering Services,Dredging,94.21352893235535,True,True,3190.32,50.31,441542.0,1.5769,—,59.3,57.5,87.5,71.2,50.0,91.66666666666666,watch — approaching pivot,unknown,1.0,68.9,B
13,SANSERA.NS,2026-07-31,3346.89990234375,3249.5916341145835,3155.0916680230034,3085.362001953125,2461.954667154948,2245.3099975585938,3250.38555551978,1213.621511341324,3457.5,True,True,True,True,True,True,True,True,False,148.17157034856234,noise,80.48997554380746,False,False,True,False,,Auto Components,Auto Components & Equipments,98.49225753871231,True,True,20885.85,96.89,289491.0,0.4639,—,78.4,47.1,78.7,93.6,45.6,77.08333333333334,actionable,unknown,1.0,68.9,B
14,CRAFTSMAN.NS,2026-07-31,9873.5,9454.083333333334,9351.337076822916,9221.53591796875,8154.568720703125,7822.514013671875,9586.717810594995,5946.743205408896,10275.0,True,True,True,True,True,True,True,True,False,57.50097459965471,red,135.17165685304502,False,False,False,False,,Auto Components,Auto Components & Equipments,92.54278728606357,True,True,25823.58,136.1,137847.0,0.5271,—,52.6,47.1,64.0,86.2,100.0,77.08333333333334,actionable,unknown,1.0,68.4,B
15,SYRMA.NS,2026-07-31,1366.800048828125,1353.3500162760417,1370.16945054796,1309.4800122070312,997.3056709798177,946.7377529907227,1354.8890778617506,634.5,1517.699951171875,True,True,True,True,True,True,True,True,False,83.49481357296027,red,115.05605931510514,False,True,False,False,,Industrial Manufacturing,Industrial Products,95.55827220863897,True,True,26327.98,207.55,1518536.0,0.7883,—,59.6,55.8,91.5,74.1,50.0,81.25,watch — approaching pivot,unknown,1.0,68.1,B
16,STARHEALTH.NS,2026-07-31,601.0,589.9791717529297,580.7527770996094,565.3500024414062,503.6803346761068,498.70700119018557,593.9048815183842,416.54998779296875,624.9000244140625,True,True,True,True,True,True,True,True,False,40.831868775629765,noise,82.04474237656713,False,False,False,False,,Insurance,General Insurance,88.34555827220863,True,True,35363.05,39.71,660671.0,0.1123,—,60.4,55.4,89.0,86.4,87.7,35.41666666666667,actionable,unknown,1.0,68.0,B
17,KTKBANK.NS,2026-07-31,284.75,279.81666310628253,274.04444461398657,271.8010003662109,237.72899973551432,226.15519950866698,281.25461295630816,164.46822856250571,295.3999938964844,True,True,True,True,True,True,True,True,False,59.4270889709279,red,180.07229193286747,False,False,False,False,,Banks,Private Sector Bank,93.03178484107579,True,True,10768.72,70.59,2478883.0,0.6555,—,70.5,55.4,44.1,86.8,99.5,62.5,actionable,unknown,1.0,67.8,B
18,HONASA.NS,2026-07-31,449.54998779296875,453.8416697184245,445.6750022040473,435.562001953125,350.2140012613932,332.0952510070801,452.1269126999507,248.39999389648438,491.3500061035156,True,True,True,True,True,True,True,False,False,69.22642504111802,noise,37.78071309898417,False,False,False,False,,Personal Products,Personal Care,94.49877750611248,True,True,14656.42,114.74,2552264.0,0.7828,—,75.4,51.4,71.1,77.0,36.7,95.83333333333334,actionable,unknown,1.0,67.3,B
19,KMEW.NS,2026-07-31,2463.300048828125,2462.316691080729,2306.186113145616,2197.6460034179686,1904.1319938151041,1780.633243408203,2476.723178578991,797.5,2737.0,True,True,True,True,True,True,True,False,False,183.7249498034706,red,116.23669888134182,False,False,False,False,,Engineering Services,Dredging,98.98125509372453,True,True,6059.72,36.27,147230.0,0.5985,—,68.8,44.1,75.0,74.0,57.4,91.66666666666666,actionable,unknown,1.0,67.3,B
20,RISHABH.NS,2026-07-31,610.5499877929688,631.0994415283203,612.3533477783203,587.975673828125,477.39457845052084,457.2167337036133,621.441681290989,271.43861567814594,690.6084995263309,True,True,True,True,True,True,True,False,False,114.94557305527269,noise,33.793407005230094,False,False,False,False,,Electrical Equipment,Other Electrical Equipment,97.6365118174409,True,True,2358.45,15.66,256498.0,0.664,—,68.1,63.1,55.0,70.8,81.7,68.75,actionable,unknown,1.0,67.2,B
21,RATEGAIN.NS,2026-07-31,918.4000244140625,918.6166788736979,902.9263949924045,861.3090051269531,676.2496673583985,675.2062507629395,914.1586094059157,417.6000061035156,997.25,True,True,True,True,True,True,True,True,False,109.17892038460283,noise,35.98022194804004,False,False,False,False,,IT - Software,Computers - Software & Consulting,97.35126324368379,True,True,10873.43,58.25,634306.0,0.5358,—,73.7,39.5,46.4,78.2,83.7,93.75,actionable,unknown,1.0,67.0,B
22,EICHERMOT.NS,2026-07-31,7833.5,7622.5964762369795,7449.587022569444,7362.94681640625,7247.254609375,7176.174743652344,7669.20711092421,5229.713978669683,8144.709619405779,True,True,True,True,True,True,True,True,False,46.57102720812985,green,117.69385453808647,False,False,False,False,,Automobiles,2/3 Wheelers,90.01629991850041,True,True,215046.58,443.27,565859.0,0.2061,—,61.9,63.8,47.1,86.4,93.3,52.083333333333336,actionable,unknown,1.0,65.8,B
23,SIEMENS.NS,2026-07-31,3760.0,3666.2421264648438,3604.9933064778647,3627.183955078125,3395.605983072917,3333.6723315429685,3665.8094325819807,2812.180840788319,3918.046693440453,True,True,True,True,True,True,True,True,False,23.4150963475255,ppv,134.92212410949017,False,False,False,False,,Electrical Equipment,Heavy Electrical Equipment,81.25509372453138,True,True,133901.31,158.31,421029.0,0.1182,—,40.8,67.5,88.9,85.9,50.0,68.75,watch — approaching pivot,unknown,1.0,65.8,B
24,KRISHANA.NS,2026-07-31,182.9499969482422,157.52500025431314,144.93448893229166,142.08669158935547,120.0338042195638,116.0330330657959,164.07645139408584,86.13667447448749,193.89999389648438,True,True,True,True,True,True,True,True,False,68.41759344040356,ppv,355.41472461488803,False,False,True,False,,Fertilizers & Agrochemicals,Fertilizers,94.41727791361043,True,True,5655.68,31.37,1714851.0,0.5547,—,57.0,35.4,87.5,88.7,50.0,87.5,watch — approaching pivot,unknown,1.0,65.5,B
25,UNIPARTS.NS,2026-07-31,728.0,698.3416595458984,678.0041656494141,660.5140014648438,541.7163942464193,527.069593963623,706.6482636753353,310.00520202330097,752.0,True,True,True,True,True,True,True,True,False,116.8701612959679,noise,84.46004687975443,False,False,False,False,,Auto Components,Auto Components & Equipments,97.67726161369194,True,True,3283.67,15.16,208214.0,0.4616,—,77.4,48.3,69.0,87.6,38.6,77.08333333333334,actionable,unknown,1.0,65.4,B
26,EMCURE.NS,2026-07-31,1960.0999755859375,1883.5833129882812,1832.227766248915,1800.6919921875,1633.085996907552,1569.4174975585938,1897.8250216454205,1260.0,1999.0,True,True,True,True,True,True,True,True,False,39.410397319231684,green,146.14489381228134,False,False,True,False,,Pharmaceuticals & Biotechnology,Pharmaceuticals,87.8158109209454,True,True,37179.21,38.55,196674.0,0.1037,—,52.6,57.5,94.0,96.1,71.9,25.0,actionable,unknown,1.0,65.0,B
27,CHENNPETRO.NS,2026-07-31,1260.5999755859375,1230.5083414713542,1166.4444444444443,1154.9840002441406,1012.2075520833333,986.8655032348632,1220.9395316074663,615.9702998720279,1354.0,True,True,True,True,True,True,True,True,False,81.47758539397539,green,105.51375589646479,False,True,False,False,,Petroleum Products,Refineries & Marketing,95.47677261613691,True,True,18771.77,163.11,1293887.0,0.8689,—,64.7,54.2,49.8,80.2,90.1,60.416666666666664,actionable,unknown,1.0,64.9,B
28,SHRIPISTON.NS,2026-07-31,4395.2001953125,4288.2806396484375,4107.550645616319,3899.469560546875,3403.7317789713543,3245.2619982910155,4297.874032027988,2294.657559959507,4522.7998046875,True,True,True,True,True,True,True,True,False,86.06660087801801,noise,62.409980334285805,False,False,False,False,,Auto Components,Auto Components & Equipments,95.80277098614506,True,True,19360.78,26.14,59471.0,0.135,—,80.5,36.7,96.5,88.4,12.7,77.08333333333334,actionable,unknown,1.0,64.9,B
29,STYLAMIND.NS,2026-07-31,3384.300048828125,3396.1666463216147,3292.3944295247397,3201.163994140625,2577.0840071614584,2449.962006225586,3380.8865849441722,1594.0999755859375,4150.0,True,True,True,True,True,True,True,True,False,89.37385121492784,noise,25.385096833686355,False,False,False,False,,Consumer Durables,Plywood Boards/ Laminates,96.12876935615321,True,True,5739.35,29.44,86996.0,0.513,—,66.1,55.6,65.0,57.1,100.0,45.83333333333333,actionable,unknown,1.0,64.8,B
30,KDDL.NS,2026-07-31,3302.0,3166.7666625976562,3138.441650390625,3049.4239892578125,2581.915997721354,2550.6622265625,3180.9874980746577,1990.0,3416.0,True,True,True,True,True,True,True,True,False,15.918871654892207,ppv,92.88950129639281,False,False,False,False,,Consumer Durables,"Gems, Jewellery And Watches",76.9356153219234,True,True,4061.22,15.2,46022.0,0.3742,—,26.4,56.6,92.5,87.3,94.9,45.83333333333333,actionable,unknown,1.0,64.8,B
31,RICOAUTO.NS,2026-07-31,141.77000427246094,137.07583363850912,136.13416650560168,132.9077995300293,123.88846638997396,118.6091497039795,138.55327342390763,65.40713375710308,157.0,True,True,True,True,True,True,True,True,False,96.10437580456596,noise,45.80924463384306,False,False,False,False,,Auto Components,Auto Components & Equipments,96.65851670741647,True,True,1917.94,45.95,3241280.0,2.3959,—,66.6,49.0,75.0,74.6,50.0,77.08333333333334,watch — approaching pivot,unknown,1.0,64.6,B
32,UNIVCABLES.NS,2026-07-31,1358.4000244140625,1248.8301493326824,1216.3974066840278,1204.9960888671876,924.0177970377604,898.9540951538086,1280.2031448154992,573.9009093095138,1389.800048828125,True,True,True,True,True,True,True,True,False,87.50795429279903,noise,50.24190947982101,False,False,True,False,,Industrial Products,Cables - Electricals,95.96577017114915,True,True,4713.02,40.94,301392.0,0.8687,—,62.1,47.6,55.0,95.5,100.0,41.66666666666667,actionable,unknown,1.0,64.6,B
33,SJS.NS,2026-07-31,2391.699951171875,2286.5333455403647,2219.3173828125,2167.754677734375,1880.7698396809897,1823.9702349853515,2321.3788445344853,1129.4649379983273,2439.89990234375,True,True,True,True,True,True,True,True,False,95.84580476199996,noise,84.58553784196005,False,True,False,False,,Auto Components,Auto Components & Equipments,96.61776691116545,True,True,7659.81,25.79,107851.0,0.3368,—,73.2,64.4,55.0,90.0,28.0,77.08333333333334,actionable,unknown,1.0,64.0,B
34,SHRIRAMFIN.NS,2026-07-31,1046.699951171875,1036.9666646321614,1026.9020453559028,997.1592456054688,992.0721370442708,944.853420715332,1037.2791688854659,559.901669759886,1101.767740836079,True,True,True,True,True,True,True,True,False,65.90196661341734,green,112.05589487023808,False,False,False,False,,Finance,Non Banking Financial Company (NBFC),94.13202933985329,True,True,246283.1,588.35,5621037.0,0.2389,—,63.1,47.1,57.5,84.0,100.0,43.75,actionable,unknown,1.0,64.0,B
35,KODYTECH.NS,2026-07-30,1433.4000244140625,1291.3916625976562,1153.633327907986,1073.0899951171875,888.6089978027344,862.9824990844727,1318.3199466795727,556.0499877929688,1435.0,True,True,True,True,True,True,True,True,False,96.38306294957924,noise,36.26988288760706,False,False,True,False,,IT - Software,Computers - Software & Consulting,96.7400162999185,True,True,1808.62,2.64,18604.0,0.1459,—,92.4,25.0,79.8,99.8,0.0,93.75,extended,unknown,1.0,63.9,B
36,BHAGYANGR.NS,2026-07-31,380.29998779296875,393.3583348592122,384.0041681925456,361.1000012207031,247.8205337524414,218.6509503173828,389.72584323113125,85.62000274658203,432.29998779296875,True,True,True,True,True,True,True,False,False,280.26195347434964,noise,57.84756493700477,False,False,False,False,,Non - Ferrous Metals,Copper,99.55175224123879,True,True,1216.77,5.24,137893.0,0.431,—,69.0,35.4,65.6,69.9,50.0,100.0,watch — approaching pivot,unknown,1.0,63.6,B
37,RBLBANK.NS,2026-07-31,375.5,365.1041666666667,368.477776421441,363.0509997558594,330.1230000813802,325.54225021362305,368.41545618657574,242.36866167193014,383.45001220703125,True,True,True,True,True,True,True,True,False,47.35697454339207,noise,98.1549011386929,False,True,False,False,,Banks,Private Sector Bank,90.30154849225754,True,True,58148.35,206.16,5490280.0,0.3545,—,47.4,67.5,71.5,89.9,50.0,62.5,watch — approaching pivot,unknown,1.0,63.5,B
38,CUPID.NS,2026-07-31,230.6199951171875,218.47916666666666,199.70861053466797,181.56659912109376,123.2428665669759,108.57359987258911,222.5107305937075,29.600000381469727,234.5,True,True,True,True,True,True,True,True,False,664.047160749414,noise,39.60215272665262,False,True,False,False,,Personal Products,Personal Care,99.87775061124694,True,True,31010.56,645.41,27985921.0,2.0813,—,69.7,45.4,82.5,90.7,0.0,95.83333333333334,extended,unknown,1.0,63.1,B
39,MOTHERSON.NS,2026-07-31,150.75,145.94250106811523,145.5910284254286,144.52552673339844,128.7601389058431,124.34835788726807,146.8110367427239,89.26729985800641,154.9805816051489,True,True,True,True,True,True,True,True,True,47.65641603693132,green,114.56239543701896,False,False,False,False,,Auto Components,Auto Components & Equipments,90.34229828850856,True,True,158758.31,319.79,21212991.0,0.2014,—,47.8,55.4,70.4,88.5,50.0,77.08333333333334,watch — approaching pivot,unknown,1.0,63.0,B
40,PARAS.NS,2026-07-31,1256.5,1208.9166666666667,1241.794453938802,1146.5230078125,848.4633361816407,810.587253112793,1218.9087960502732,580.5,1443.0,True,True,True,True,True,True,True,True,False,86.56792260001231,noise,44.695420511255605,False,False,False,False,,Aerospace & Defense,Aerospace & Defense,95.8842705786471,True,True,10125.8,415.9,3309986.0,4.1073,—,80.4,20.1,74.0,68.2,50.0,89.58333333333334,watch — approaching pivot,unknown,1.0,62.5,B
41,SONACOMS.NS,2026-07-31,769.4000244140625,723.9416707356771,664.0419006347656,646.2295288085937,564.0402362060547,544.085863494873,728.9472835009451,399.83497257584986,773.2000122070312,True,True,True,True,True,True,True,True,False,64.53632274563566,green,126.53772119439238,False,False,True,False,,Auto Components,Auto Components & Equipments,93.84678076609617,True,True,47910.32,183.33,2382761.0,0.3827,—,85.6,39.8,77.5,99.0,0.0,77.08333333333334,extended,unknown,1.0,62.5,B
42,STEELCAS.NS,2026-07-31,309.95001220703125,306.8716812133789,303.1211853027344,297.4742071533203,259.1652435302734,248.35585258483886,308.33337118320577,175.37325443600423,343.40165919456246,True,True,True,True,True,True,True,True,False,27.753690132922326,noise,69.21661556830281,False,False,False,False,,Industrial Products,Castings & Forgings,83.94458027709861,True,True,3136.69,5.99,193169.0,0.1909,—,32.5,57.5,79.5,74.5,100.0,41.66666666666667,actionable,unknown,1.0,62.5,B
43,RADICO.NS,2026-07-31,4340.7998046875,4182.8880615234375,3969.983981662326,3833.792294921875,3260.816572265625,3244.692969970703,4230.928381856096,2494.465428414862,4494.39990234375,True,True,True,True,True,True,True,True,False,62.359798501223864,noise,95.57049935623674,False,False,False,False,,Beverages,Breweries & Distilleries,93.60228198859005,True,True,58159.08,170.67,393165.0,0.2934,—,71.4,51.1,86.5,87.2,0.0,79.16666666666666,extended,unknown,1.0,62.4,B
44,MBAPL.NS,2026-07-31,160.1999969482422,150.5500005086263,128.73750729031033,123.10090148925781,104.11648996988933,98.61380722045898,154.00242228405529,74.56403046577304,167.9499969482422,True,True,True,True,True,True,True,True,False,88.30151904879895,noise,61.94142873482525,False,False,False,False,,Fertilizers & Agrochemicals,Fertilizers,96.04726976365117,True,True,7018.92,21.88,1366083.0,0.3118,—,64.3,43.8,55.0,84.8,50.0,87.5,watch — approaching pivot,unknown,1.0,62.3,B
45,YASHO.NS,2026-07-31,3858.699951171875,3173.1443074544272,2995.751417371962,2802.705546875,1902.496024576823,1826.249522705078,3254.1085138369017,1129.8189394012777,3858.699951171875,True,True,True,True,True,True,True,True,False,96.5977465295043,ppv,707.3261967254223,True,False,True,False,,Chemicals & Petrochemicals,Specialty Chemicals,96.78076609616953,True,True,4650.58,15.61,40460.0,0.3357,—,92.5,37.1,92.5,100.0,0.0,50.0,extended,unknown,1.0,62.1,B
46,INDOTECH.NS,2026-07-31,3453.800048828125,3422.2916463216147,3138.352769639757,2988.8139892578124,2115.861328938802,2004.3739959716797,3415.020182081639,1100.0,3599.0,True,True,True,True,True,True,True,True,False,95.36172866861195,noise,24.62622243616778,False,False,False,False,,Electrical Equipment,Heavy Electrical Equipment,96.57701711491443,True,True,3667.94,13.87,40150.0,0.3781,—,92.0,36.7,86.5,85.9,0.0,68.75,extended,unknown,1.0,61.9,B
47,SCHNEIDER.NS,2026-07-31,1355.300048828125,1330.0166829427083,1356.8083360460068,1317.8500073242187,1049.9726688639323,982.5125027465821,1335.2789881201606,571.8499755859375,1548.0,True,True,True,True,True,True,True,True,False,48.98318463688041,ppv,176.97342642709765,False,False,False,False,,Electrical Equipment,Heavy Electrical Equipment,90.70904645476773,True,True,32422.51,58.31,430006.0,0.1798,—,48.3,53.2,86.0,69.1,50.0,68.75,watch — approaching pivot,unknown,1.0,61.9,B
48,GRINDWELL.NS,2026-07-31,2120.199951171875,2093.9500122070312,2079.5931803385415,2025.6164135742188,1727.6332210286457,1691.3021215820313,2079.980851204699,1316.5038257707065,2455.0,True,True,True,True,True,True,True,True,False,32.91465219702374,noise,25.566015420520444,False,True,False,False,,Industrial Products,Abrasives & Bearings,86.06356968215158,True,True,23474.85,23.4,110380.0,0.0997,—,57.5,64.5,86.3,66.7,50.0,41.66666666666667,watch — approaching pivot,unknown,1.0,61.7,B
49,GAEL.NS,2026-07-31,172.11000061035156,153.24249903361002,156.98666678534613,157.12240020751952,147.75120005289713,138.6113999938965,159.52458110249094,101.19999694824219,177.9199981689453,True,True,True,True,True,True,True,True,False,62.11288283775849,red,295.3908107418977,False,False,False,False,,Agricultural Food & other Products,Other Agricultural Products,93.52078239608802,True,True,7894.18,20.43,1186763.0,0.2587,—,74.4,69.1,60.0,87.5,43.4,33.33333333333333,actionable,unknown,1.0,61.5,B
50,SWANDEF.NS,2026-07-31,2473.699951171875,2364.4166666666665,2237.661122639974,2169.4580126953124,1942.1900024414062,1703.2150018310547,2387.503773051177,321.55999755859375,2500.0,True,True,True,True,True,True,True,True,False,669.2809957560484,ppv,222.70844447557,False,False,True,False,,Industrial Manufacturing,Ship Building & Allied Services,99.91850040749797,True,True,13031.98,4.94,19986.0,0.0379,—,69.8,38.8,87.5,97.9,0.0,81.25,extended,unknown,1.0,61.4,B
51,BLUSPRING.NS,2026-07-31,115.8499984741211,110.68666648864746,109.78555573357477,101.52240020751952,74.23253356933594,74.10620010375976,111.70044721392537,43.97999954223633,131.82000732421875,True,True,True,True,True,True,True,True,False,29.83300920734415,noise,36.235484718516645,False,False,False,False,,Commercial Services & Supplies,Diversified Commercial Services,84.92257538712306,True,True,1731.27,11.34,979265.0,0.6553,—,34.8,73.8,65.5,69.8,100.0,27.083333333333332,actionable,unknown,1.0,60.9,B
52,SAKAR.NS,2026-07-31,885.25,856.3166707356771,838.2472245958116,828.635,620.8469993082682,561.9702496337891,853.2433921387684,311.0,960.0,True,True,True,True,True,True,True,True,False,152.9647004202086,green,126.07568904213542,False,False,False,False,,Pharmaceuticals & Biotechnology,Pharmaceuticals,98.53300733496333,True,True,1943.12,18.37,207463.0,0.9452,—,66.8,55.4,75.3,78.4,64.1,25.0,actionable,unknown,1.0,60.8,B
53,DIAMONDYD.NS,2026-07-31,1159.5,1133.8916524251301,1147.3666585286458,1140.167998046875,1075.0193351236978,1072.6495040893556,1132.653874327125,858.9000244140625,1228.9000244140625,True,True,True,True,True,True,True,True,False,16.56787948571392,noise,25.70315185440506,False,False,False,False,,Food Products,Packaged Foods,77.30236348818255,True,True,2771.62,6.82,58840.0,0.2462,—,37.0,63.8,55.0,82.7,98.8,39.58333333333333,actionable,unknown,1.0,60.7,B
54,RSWM.NS,2026-07-31,214.57000732421875,213.37250137329102,202.70416598849826,198.24919952392577,165.03780014038085,161.98965015411378,212.3192477951878,120.0,224.0,True,True,True,True,True,True,True,True,False,34.89029826149383,dry,16.58259772344691,False,False,False,False,,Textiles & Apparels,Other Textile Products,86.47106764466179,True,True,1010.66,3.56,165927.0,0.3523,—,68.4,41.8,55.0,85.6,100.0,22.916666666666664,actionable,unknown,1.0,60.6,B
55,PRIVISCL.NS,2026-07-31,3617.10009765625,3636.2070922851562,3601.6983032226562,3502.859736328125,3139.6065657552085,3118.141229248047,3624.1818368577906,2167.1176677727804,3774.7057070510364,True,True,True,True,True,True,True,False,False,46.23067894286561,noise,95.2217679715465,False,True,False,False,,Chemicals & Petrochemicals,Specialty Chemicals,89.89405052974735,True,True,14129.37,32.04,88592.0,0.2268,—,50.1,65.4,67.0,85.6,50.0,50.0,watch — approaching pivot,unknown,1.0,60.4,B
56,SUNFLAG.NS,2026-07-31,365.29998779296875,354.7583312988281,349.94583214653863,356.7420007324219,296.8329333496094,287.31545059204103,356.117945542088,192.14999389648438,428.0,True,True,True,True,True,True,True,True,False,29.494635397656065,ppv,68.92056311849566,False,False,False,False,,Industrial Products,Iron & Steel Products,84.63732681336593,True,True,6583.42,29.26,800970.0,0.4444,—,34.2,44.5,86.6,64.7,100.0,41.66666666666667,actionable,unknown,1.0,60.3,B
57,NESTLEIND.NS,2026-07-31,1509.5999755859375,1467.1166687011719,1432.2620510525173,1424.13794921875,1343.2511140950521,1318.804395751953,1480.5681886315413,1073.713620089896,1532.5999755859375,True,True,True,True,True,True,True,True,False,37.162963888065036,red,115.5944941679284,False,True,False,False,,Food Products,Packaged Foods,87.08231458842705,True,True,291098.33,311.17,2061265.0,0.1069,—,62.4,65.4,46.7,91.0,63.0,39.58333333333333,actionable,unknown,1.0,60.3,B
58,GOLDIAM.NS,2026-07-31,375.70001220703125,352.3708318074544,351.0899302164714,340.86474975585935,289.1250335693359,285.8470269775391,357.20053790149177,198.75,393.6499938964844,True,True,True,True,True,True,True,True,False,50.78266591979206,noise,68.16595441493386,False,False,False,False,,Consumer Durables,"Gems, Jewellery And Watches",91.15729421352893,True,True,5656.43,51.01,1357641.0,0.9017,—,79.4,59.9,41.9,84.9,50.0,45.83333333333333,watch — approaching pivot,unknown,1.0,60.0,B
59,HAPPYFORGE.NS,2026-07-31,1652.699951171875,1620.8054809570312,1542.169481065538,1497.61259765625,1322.7926196289063,1248.4129080200196,1628.477956044184,859.888472776414,1688.199951171875,True,True,True,True,True,True,True,True,False,73.82021175792562,noise,42.75229167071174,False,False,False,False,,Industrial Products,Castings & Forgings,94.70252648736756,True,True,15597.97,17.92,108457.0,0.1149,—,72.2,44.9,70.0,89.8,46.3,41.66666666666667,actionable,unknown,1.0,60.0,B
60,XPROINDIA.NS,2026-07-31,1500.4000244140625,1390.7666524251301,1382.703904893663,1318.4472045898438,1097.59694539388,1081.2826501464845,1405.0875812667045,786.9688181552652,1572.6395438881225,True,True,True,True,True,True,True,True,False,36.57497981867082,ppv,186.15947527843596,False,False,False,False,,Industrial Products,Packaging,86.96006519967399,True,True,3521.5,10.15,67637.0,0.2882,—,69.6,42.2,92.5,84.8,29.4,41.66666666666667,actionable,unknown,1.0,59.8,B
61,GOODLUCK.NS,2026-07-31,1517.5,1533.9083251953125,1482.2694396972656,1441.7319995117186,1244.2045442708334,1224.9823013305663,1523.8708148277558,915.0,1672.0999755859375,True,True,True,True,True,True,True,False,False,50.15578619333916,noise,35.28096929341702,False,True,False,False,,Industrial Products,Iron & Steel Products,91.03504482477588,True,True,5043.94,32.52,214280.0,0.6447,—,51.6,56.6,45.6,75.5,96.2,41.66666666666667,actionable,unknown,1.0,59.6,B
62,MUFIN.NS,2026-07-31,131.74000549316406,127.5225003560384,128.9119455549452,127.07380096435547,117.38586675008138,115.19965000152588,128.27301552269415,82.98999786376953,138.0,True,True,True,True,True,True,True,True,False,50.76677687582658,ppv,153.77634917547257,False,False,False,False,,Finance,Non Banking Financial Company (NBFC),91.11654441727791,True,True,2610.59,18.5,1404030.0,0.7085,—,50.2,47.1,87.5,84.9,50.0,43.75,watch — approaching pivot,unknown,1.0,59.5,B
63,NGLFINE.NS,2026-07-31,3260.300048828125,3196.391642252604,3126.352769639757,3015.4780029296876,2385.6186645507814,2140.121498413086,3222.115192182243,1173.8127642927202,3349.0,True,True,True,True,True,True,True,True,False,168.83378037674044,dry,13.919208050179973,False,False,False,False,,Pharmaceuticals & Biotechnology,Pharmaceuticals,98.85900570497147,True,True,2014.22,5.92,18150.0,0.2938,—,69.7,52.7,47.1,88.7,81.0,25.0,actionable,unknown,1.0,59.5,B
64,GNA.NS,2026-07-31,535.75,526.9458338419596,472.7356431749132,443.42499938964846,408.5193212890625,383.74975158691404,522.2384369056787,289.7233688082436,601.6500244140625,True,True,True,True,True,True,True,True,False,76.68305232349539,noise,37.29133473934364,False,False,False,False,,Auto Components,Auto Components & Equipments,95.11002444987776,True,True,2300.02,26.14,487924.0,1.1365,—,78.6,32.5,94.0,72.1,0.0,77.08333333333334,extended,unknown,1.0,59.4,B
65,SOUTHBANK.NS,2026-07-31,46.70000076293945,46.71500015258789,46.37055577172173,45.402600326538085,41.67380012512207,40.84825016021728,46.76049824395018,27.970228553484873,49.900001525878906,True,True,True,True,True,True,True,False,False,59.80445888004482,noise,41.69099166468014,False,False,False,False,,Banks,Private Sector Bank,93.11328443357783,True,True,12226.93,84.41,18074132.0,0.6903,—,59.0,55.3,55.0,81.2,50.0,62.5,watch — approaching pivot,unknown,1.0,59.4,B
66,MMFL.NS,2026-07-31,546.8499755859375,544.7083282470703,501.0638885498047,486.1232604980469,452.5375185139974,420.293768157959,542.8398235662285,285.5132388663281,565.0,True,True,True,True,True,True,True,True,False,58.35970720495405,noise,26.795269840546965,False,True,False,False,,Auto Components,Auto Components & Equipments,92.74653626731867,True,True,2640.28,6.0,109647.0,0.2271,—,75.7,61.6,55.0,87.6,0.0,77.08333333333334,extended,unknown,1.0,59.4,B
67,IDEAFORGE.NS,2026-07-31,875.0999755859375,856.7249959309896,863.1805538601345,866.1620007324219,620.3196669514974,581.1572496032715,860.0256281168311,366.0,992.25,True,True,True,True,True,True,True,True,False,90.48758972842343,noise,61.53020032539246,False,False,False,False,,Aerospace & Defense,Aerospace & Defense,96.25101874490628,True,True,4348.75,78.19,893482.0,1.798,—,65.5,47.1,40.7,70.4,50.0,89.58333333333334,watch — approaching pivot,unknown,1.0,59.2,B
68,GALAPREC.NS,2026-07-31,1093.9000244140625,1145.9333190917969,1125.7791646321614,1064.7369982910157,865.4853332519531,835.9902496337891,1119.7203168296933,671.2000122070312,1260.0,True,True,True,True,True,True,True,False,False,30.943259809132527,noise,37.32608208851247,False,False,False,False,,Industrial Manufacturing,Industrial Products,85.28932355338223,True,True,1401.96,9.16,83716.0,0.6532,—,55.7,33.1,72.5,67.6,50.0,81.25,watch — approaching pivot,unknown,1.0,58.6,B
69,ESAFSFB.NS,2026-07-31,42.04999923706055,37.02333323160807,34.586389011806915,32.74300006866455,28.410399996439615,28.097749967575073,37.64593986492272,19.780000686645508,43.0,True,True,True,True,True,True,True,True,False,35.339554715429955,ppv,1452.5559848250105,True,False,True,False,,Banks,Other Bank,86.63406682966585,True,True,2169.86,10.91,2594344.0,0.5028,—,68.8,45.1,82.5,95.6,0.0,62.5,extended,unknown,1.0,58.5,B
70,KIRLOSENG.NS,2026-07-31,2189.800048828125,2214.329060872396,2256.37742445204,2141.3132568359374,1650.7129842122397,1504.721552734375,2207.4176267529137,852.4932940420172,2714.2611782271474,True,True,True,True,True,True,True,False,False,144.60340601550507,ppv,88.88478541514274,False,False,False,False,,Industrial Products,"Compressors, Pumps & Diesel Engines",98.41075794621027,True,True,31862.97,163.83,748156.0,0.5142,—,68.2,45.3,85.0,55.4,50.0,41.66666666666667,watch — approaching pivot,unknown,1.0,58.4,B
71,SHILPAMED.NS,2026-07-31,611.25,615.941660563151,595.794442070855,574.8659979248047,428.37833231608073,409.145499420166,611.3676714831043,259.5,650.0,True,True,True,True,True,True,True,False,False,36.14162224041271,noise,44.34302788471821,False,False,False,False,,Pharmaceuticals & Biotechnology,Pharmaceuticals,86.79706601466992,True,True,11954.94,66.51,1088036.0,0.5563,—,54.2,41.1,73.1,82.1,82.5,25.0,actionable,unknown,1.0,58.2,B
72,MAHLOG.NS,2026-07-31,409.5,401.80416615804035,381.64034186469183,371.0959680175781,367.9303476969401,358.8745434570312,404.1849668704996,273.2820886223393,447.10758500270833,True,True,True,True,True,True,True,True,False,18.843468531602305,noise,96.64708352880415,False,False,False,False,,Transport Services,Logistics Solution Provider,78.97310513447434,True,True,4063.16,11.18,273126.0,0.2753,—,34.7,52.1,78.5,77.2,40.6,75.0,actionable,unknown,1.0,58.1,B
73,BELRISE.NS,2026-07-31,236.72999572753906,231.67083231608072,234.88722229003906,230.3820001220703,204.43886739095052,192.69490058898927,232.34710342803706,124.72421605980581,252.0,True,True,True,True,True,True,True,True,False,80.31190003634285,green,188.9243539588411,False,False,False,False,,Auto Components,Auto Components & Equipments,95.35452322738386,True,True,22895.39,109.28,4616269.0,0.4773,—,59.2,38.8,52.7,81.9,50.0,77.08333333333334,watch — approaching pivot,unknown,1.0,58.0,B
74,UNIMECH.NS,2026-07-31,1235.9000244140625,1233.616678873698,1186.7652893066406,1142.4710119628905,981.3020048014323,979.2757531738281,1212.196275192334,695.0,1323.0,True,True,True,True,True,True,True,True,False,7.394853317272276,noise,80.23238762453285,False,False,False,False,,Aerospace & Defense,Aerospace & Defense,71.14914425427872,True,True,6290.98,15.06,121855.0,0.2394,—,22.7,32.2,61.0,80.8,85.1,89.58333333333334,actionable,unknown,1.0,57.9,B
75,KAPSTON.NS,2026-07-31,474.8999938964844,451.90417226155597,396.7277823554145,380.8040026855469,348.1865551757812,335.4177165222168,453.92770932465834,235.52000427246094,476.29998779296875,True,True,True,True,True,True,True,True,False,96.8823766336649,green,124.9505874290291,False,False,True,False,,Commercial Services & Supplies,Diversified Commercial Services,96.86226568867156,True,True,1445.22,1.53,32298.0,0.1061,—,84.2,53.5,79.5,99.4,0.0,27.083333333333332,extended,unknown,1.0,57.8,B
76,NITINSPIN.NS,2026-07-31,544.2000122070312,539.6499989827474,549.9444461398655,539.901000366211,434.1810001627604,407.0162501525879,538.5967925511515,302.20001220703125,580.5,True,True,True,True,True,True,True,True,False,43.28070944108511,ppv,128.27657170597155,False,False,False,False,,Textiles & Apparels,Other Textile Products,89.03830480847596,True,True,3059.49,8.78,161360.0,0.287,—,51.7,65.4,75.2,81.5,50.0,22.916666666666664,watch — approaching pivot,unknown,1.0,57.7,B
77,MANAPPURAM.NS,2026-07-31,371.8500061035156,352.2041727701823,333.8388926188151,328.08800231933594,302.4530558268229,296.83752517700196,358.25893598718756,244.06992220896325,381.54998779296875,True,True,True,True,True,True,True,True,False,44.67294777408626,green,187.77034574980974,False,True,True,False,,Finance,Non Banking Financial Company (NBFC),89.3643031784841,True,True,34929.21,143.45,3857796.0,0.4107,—,56.8,65.4,84.0,94.9,0.0,43.75,extended,unknown,1.0,57.5,B
78,JAMNAAUTO.NS,2026-07-31,131.17999267578125,132.6783332824707,132.6041660308838,129.4815995788574,127.22839965820313,122.5278865814209,132.21637747965636,86.07049078991362,152.60000610351562,True,True,True,True,True,True,True,False,False,42.458178135276924,noise,52.47461317744585,False,False,False,False,,Auto Components,Auto Components & Equipments,88.67155664221679,True,True,5247.0,28.05,2138494.0,0.5346,—,44.7,55.4,57.5,65.9,50.0,77.08333333333334,watch — approaching pivot,unknown,1.0,57.3,B
79,DEEDEV.NS,2026-07-31,678.5499877929688,673.0249989827474,681.5847218831381,665.3780029296875,422.3926007080078,375.2231004333496,669.3101589788314,183.0,760.0,True,True,True,True,True,True,True,True,False,130.0559280250787,noise,46.536598235683144,False,False,False,False,,Industrial Manufacturing,Industrial Products,98.12550937245314,True,True,5105.37,16.06,236642.0,0.3145,—,65.7,38.8,44.7,72.6,50.0,81.25,watch — approaching pivot,unknown,1.0,57.3,B
80,DCBBANK.NS,2026-07-31,186.08999633789062,189.3783327738444,187.33194393581815,183.8979815673828,182.25122833251953,178.3005094909668,189.1721375504684,118.51625759687853,204.74000549316406,True,True,True,True,True,True,True,False,False,39.69354138696388,noise,72.60220637337966,False,False,False,False,,Banks,Private Sector Bank,88.01955990220048,True,True,5993.54,22.58,1213172.0,0.3767,—,50.4,55.4,55.0,75.8,50.0,62.5,watch — approaching pivot,unknown,1.0,57.0,B
81,PANAMAPET.NS,2026-07-31,453.54998779296875,457.31249745686847,433.72222222222223,408.04099914550784,325.49486653645835,314.8751501464844,454.3899793308012,229.0,518.5,True,True,True,True,True,True,True,False,False,33.74031554484691,dry,15.777259689036004,False,False,False,False,,Petroleum Products,Lubricants,86.18581907090464,True,True,2743.69,32.59,718656.0,1.188,—,57.8,37.5,72.5,68.9,50.0,60.416666666666664,watch — approaching pivot,unknown,1.0,56.9,B
82,FEDERALBNK.NS,2026-07-31,358.8500061035156,352.52083079020184,334.5777757432726,324.3619989013672,294.60666707356773,282.3730006408691,353.0652053327292,183.99616636888095,359.8999938964844,True,True,True,True,True,True,True,True,False,75.92822291847654,noise,31.41062554050913,False,False,False,False,,Banks,Private Sector Bank,95.02852485737571,True,True,88532.74,402.02,11202987.0,0.4541,—,76.7,50.0,60.0,93.4,0.0,62.5,extended,unknown,1.0,56.7,B
83,IMFA.NS,2026-07-31,1448.5999755859375,1360.8201497395833,1367.6302185058594,1389.9058447265625,1350.9814534505208,1331.558751220703,1374.1298416273353,693.6204867039439,1670.7880501060147,True,True,True,True,True,True,True,True,False,96.78681920290344,ppv,233.3707527096441,False,False,False,False,,Ferrous Metals,Ferro & Silica Manganese,96.82151589242054,True,True,7815.79,23.01,158828.0,0.2944,—,62.6,47.1,80.4,67.4,50.0,31.25,watch — approaching pivot,unknown,1.0,56.7,B
84,RAJRATAN.NS,2026-07-31,495.0,493.77916463216144,468.4265958997938,455.69060485839844,437.4721209716797,434.9932518005371,491.05096350138746,304.31768608201764,544.0,True,True,True,True,True,True,True,True,False,26.64191734283832,noise,67.05933231800914,False,True,False,False,,Auto Components,Auto Components & Equipments,83.29258353708231,True,True,2513.16,7.13,143996.0,0.2836,—,51.0,50.6,52.5,76.0,41.5,77.08333333333334,actionable,unknown,1.0,56.7,B
85,SOTL.NS,2026-07-31,601.75,608.9208323160807,580.1916690402561,554.2709997558594,427.64133321126303,416.0615000915527,607.6663970283574,285.79998779296875,666.5999755859375,True,True,True,True,True,True,True,False,False,49.59382061709163,dry,18.522766917575183,False,False,False,False,,Petroleum Products,Lubricants,90.83129584352079,True,True,4125.62,38.07,632588.0,0.9227,—,68.6,37.5,55.0,74.5,50.0,60.416666666666664,watch — approaching pivot,unknown,1.0,56.6,B
86,NUVAMA.NS,2026-07-31,1803.800048828125,1867.8833312988281,1822.0527716742622,1743.9919946289062,1466.758633626302,1457.8007427978516,1852.9786108974108,1086.5091731363827,2066.0,True,True,True,True,True,True,True,False,False,27.481302343172786,noise,53.329288348023375,False,False,False,False,,Capital Markets,Stockbroking & Allied,83.78158109209454,True,True,32936.77,111.27,616837.0,0.3378,—,42.0,36.9,64.5,68.6,85.5,54.166666666666664,actionable,unknown,1.0,56.6,B
87,KARURVYSYA.NS,2026-07-31,342.45001220703125,329.6829376220703,306.22293175591363,300.05164978027346,292.7156467692057,280.59376708984377,333.17957265332166,200.26247523540303,346.75,True,True,True,True,True,True,True,True,False,60.849932647130814,noise,52.53648213192588,False,False,True,False,,Banks,Private Sector Bank,93.27628361858191,True,True,33103.52,146.42,4275544.0,0.4423,—,67.0,55.1,60.0,97.5,0.0,62.5,extended,unknown,1.0,56.3,B
88,SBC.NS,2026-07-31,42.0099983215332,42.108333587646484,41.53222232394748,40.48200019836426,34.45773338317871,32.26460005760193,42.078186072479525,15.550000190734863,45.0,True,True,True,True,True,True,True,False,False,141.853749521104,red,102.09624484480115,False,False,False,False,,Textiles & Apparels,Garments & Apparels,98.32925835370823,True,True,2000.47,51.18,12182932.0,2.5584,—,66.1,47.1,71.5,80.7,50.0,22.916666666666664,watch — approaching pivot,unknown,1.0,56.1,B
89,RATNAVEER.NS,2026-07-31,181.3800048828125,181.8641675313314,179.6594441731771,176.45719940185546,160.86846618652345,159.258099899292,183.0985770441662,130.5,207.7899932861328,True,True,True,True,True,True,True,False,False,23.851149650016822,noise,28.192775845952738,False,False,False,False,,Industrial Products,Iron & Steel Products,81.74409127954361,True,True,1295.54,56.28,3102809.0,4.344,—,47.4,52.7,77.0,68.6,50.0,41.66666666666667,watch — approaching pivot,unknown,1.0,55.9,B
90,UJJIVANSFB.NS,2026-07-31,71.75,68.36916732788086,62.475278006659615,60.05460021972656,58.64920021057129,57.17155019760132,69.18912148159873,41.31999969482422,73.29000091552734,True,True,True,True,True,True,True,True,False,63.17943599741533,noise,99.41266936776884,False,False,True,False,,Banks,Other Bank,93.68378158109209,True,True,13961.32,127.83,17816179.0,0.9156,—,83.2,35.4,63.0,95.8,0.0,62.5,extended,unknown,1.0,55.9,B
91,VENUSPIPES.NS,2026-07-31,1666.0999755859375,1697.5916748046875,1685.3361172146267,1609.8980053710939,1305.4413326009114,1296.1505471801759,1689.5292959828716,890.0,1875.0,True,True,True,True,True,True,True,False,False,17.29591432469144,noise,20.058868051981126,False,True,False,False,,Industrial Products,Iron & Steel Products,77.87286063569681,True,True,3451.51,18.42,110563.0,0.5337,—,38.4,49.3,89.0,71.7,50.0,41.66666666666667,watch — approaching pivot,unknown,1.0,55.9,B
92,NEOGEN.NS,2026-07-31,2023.0999755859375,2103.1500244140625,2033.6277872721355,1987.9880078125,1583.7060001627603,1501.6634994506835,2059.1823424669733,966.7000122070312,2374.0,True,True,True,True,True,True,True,False,False,30.985933971474665,green,126.29311148049989,False,False,False,False,,Chemicals & Petrochemicals,Specialty Chemicals,85.33007334963325,True,True,5539.59,25.38,125461.0,0.4582,—,55.8,51.4,65.0,64.4,50.0,50.0,watch — approaching pivot,unknown,1.0,55.9,B
93,SPECTRUM.NS,2026-07-31,2363.0,2213.5333658854165,1956.3722296820747,1842.0800048828125,1471.3480004882813,1431.097498779297,2276.9311945575073,1050.0,2478.39990234375,True,True,True,True,True,True,True,True,False,50.97112661106378,noise,62.28368053288056,False,False,False,False,,Industrial Manufacturing,Industrial Products,91.19804400977995,True,True,3713.18,11.41,48302.0,0.3074,—,69.5,37.1,68.0,84.7,0.0,81.25,extended,unknown,1.0,55.9,B
94,SPORTKING.NS,2026-07-31,201.25999450683594,204.61249923706055,189.3533329433865,186.12359985351563,139.81273300170898,128.7338497543335,204.08362199232465,78.16999816894531,218.89999389648438,True,True,True,True,True,True,True,False,False,65.44745865420684,ppv,155.72176298280388,False,True,False,False,,Textiles & Apparels,Other Textile Products,94.00977995110024,True,True,2561.45,10.62,527899.0,0.4148,—,61.3,56.3,90.0,77.9,21.9,22.916666666666664,actionable,unknown,1.0,55.8,B
95,INNOVACAP.NS,2026-07-31,974.25,971.6583353678385,966.423607720269,939.9689978027344,794.8336437988281,783.9352609252929,970.3344620492987,622.0,1034.8499755859375,True,True,True,True,True,True,True,True,False,11.08860712274662,noise,47.792626137815596,False,False,False,False,,Pharmaceuticals & Biotechnology,Pharmaceuticals,73.71638141809291,True,True,5575.14,6.99,71778.0,0.1254,—,28.7,55.9,56.2,82.3,100.0,25.0,actionable,unknown,1.0,55.7,B
96,CAPLIPOINT.NS,2026-07-31,2516.800048828125,2571.1000162760415,2539.7916598849824,2412.4093408203125,1974.8407503255207,1969.652855834961,2560.500873695631,1497.3339696999908,2699.0,True,True,True,True,True,True,True,False,False,23.101012428364665,noise,32.642036593870785,False,False,False,False,,Pharmaceuticals & Biotechnology,Pharmaceuticals,81.13284433577832,True,True,19130.62,47.04,186888.0,0.2459,—,46.0,49.3,87.0,80.5,50.0,25.0,watch — approaching pivot,unknown,1.0,55.6,B
97,LLOYDSME.NS,2026-07-31,2047.0,1950.2833353678386,1832.9472249348958,1818.7717407226562,1523.0753068033855,1463.7833514404297,1973.2795320890928,1042.2770517704853,2100.0,True,True,True,True,True,True,True,True,False,38.01114934918235,ppv,166.51159442699696,False,False,False,False,,Minerals & Mining,Industrial Minerals,87.44906275468622,True,True,115180.21,112.98,551949.0,0.0981,—,52.9,47.1,90.0,89.0,0.0,58.333333333333336,extended,unknown,1.0,55.6,B
98,KERNEX.NS,2026-07-31,2291.699951171875,2193.625,2151.0916578504775,2037.8319921875,1467.5716654459636,1402.7187493896483,2225.8157581030136,850.0,2445.0,True,True,True,True,True,True,True,True,False,121.95641173577481,noise,24.499412265603024,False,False,False,False,,Transport Services,Transport Related Services,97.79951100244499,True,True,3850.89,69.77,304456.0,1.8118,—,73.4,37.1,57.5,81.5,13.2,75.0,actionable,unknown,1.0,55.5,B
99,GRANULES.NS,2026-07-31,824.6500244140625,853.8758697509766,826.7820332845052,811.6493481445312,686.1433911132813,655.1575125122071,844.2880605905601,431.7007381167665,908.1083439738012,True,True,True,True,True,True,True,False,False,78.9495154506278,noise,53.804228005527634,False,False,False,False,,Pharmaceuticals & Biotechnology,Pharmaceuticals,95.19152404237978,True,True,20434.57,102.65,1244727.0,0.5023,—,65.3,55.7,47.1,75.6,66.9,25.0,actionable,unknown,1.0,55.5,B
100,INDUSINDBK.NS,2026-07-31,1012.4500122070312,1020.2208302815756,977.6872931586372,958.5165075683594,909.273594156901,886.9331948852539,1012.0466245137162,709.4508644993872,1077.8499755859375,True,True,True,True,True,True,True,True,False,25.475116141013988,green,126.79533868840092,False,False,False,False,,Banks,Private Sector Bank,82.59983700081499,True,True,78883.3,218.48,2157913.0,0.277,—,42.7,47.1,69.0,81.9,39.2,62.5,actionable,unknown,1.0,55.5,B
101,TVSSCS.NS,2026-07-31,135.11000061035156,135.40416463216147,136.0227771335178,131.87059967041014,116.87413340250652,116.86805015563965,135.65930033951332,90.31999969482422,146.5,True,True,True,True,True,True,True,False,False,6.65456290248474,noise,24.63893323767873,False,False,False,False,,Transport Services,Logistics Solution Provider,70.53789731051344,True,True,5960.78,8.03,594416.0,0.1347,—,21.3,55.7,66.5,78.5,50.0,75.0,watch — approaching pivot,unknown,1.0,55.5,B
102,TITAN.NS,2026-07-31,4875.2001953125,4737.258382161458,4520.681776258681,4404.381059570313,4259.542893880208,4146.137076416016,4769.184392143809,3292.2971645749917,4886.0,True,True,True,True,True,True,True,True,False,44.74424131051946,green,117.89765272844359,False,False,True,False,,Consumer Durables,"Gems, Jewellery And Watches",89.40505297473513,True,True,432452.32,506.78,1039512.0,0.1172,—,75.2,56.5,57.5,99.6,0.0,45.83333333333333,extended,unknown,1.0,55.5,B
103,THYROCARE.NS,2026-07-31,579.0,562.3208312988281,543.3472196790907,534.8493914794922,452.3515311686198,451.6862550354004,569.6043470264775,338.148639887055,617.4500122070312,True,True,True,True,True,True,True,True,False,39.58923870716926,noise,41.12388986871048,False,False,False,False,,Healthcare Services,Healthcare Service Provider,87.89731051344744,True,True,9215.46,47.12,813757.0,0.5113,—,41.8,49.2,76.0,81.5,78.9,12.5,actionable,unknown,1.0,55.4,B
104,NAHARSPING.NS,2026-07-31,281.1000061035156,278.9333318074544,266.58194308810766,267.34879821777344,229.43559967041017,222.57404983520507,278.2015036826589,149.1999969482422,291.7900085449219,True,True,True,True,True,True,True,True,False,11.637052396938486,noise,59.02448154399478,False,False,False,False,,Textiles & Apparels,Other Textile Products,74.20537897310513,True,True,1013.8,0.37,13061.0,0.0362,—,39.8,47.1,52.5,86.7,94.7,22.916666666666664,actionable,unknown,1.0,54.9,C
105,SKYGOLD.NS,2026-07-31,643.7000122070312,650.6375020345052,582.7444424099392,563.6239990234375,435.11833251953124,411.6942491149902,646.7380896717161,246.0500030517578,689.9000244140625,True,True,True,True,True,True,True,False,False,112.44224825314562,noise,63.751338361149,False,True,False,False,,Consumer Durables,"Gems, Jewellery And Watches",97.43276283618582,True,True,9969.23,92.39,1435295.0,0.9268,—,76.0,50.4,72.0,80.6,0.0,45.83333333333333,extended,unknown,1.0,54.8,C
106,PGIL.NS,2026-07-31,2064.800048828125,2027.0416870117188,1962.8194512261284,1873.1480078125,1652.1904915364582,1619.6284399414062,2026.5914336241926,1167.6433047093678,2144.199951171875,True,True,True,True,True,True,True,True,False,39.724414457130685,noise,27.100571359665764,False,False,False,False,,Textiles & Apparels,Garments & Apparels,88.0603096984515,True,True,9536.1,29.2,141406.0,0.3062,—,47.2,50.7,77.0,86.6,50.0,22.916666666666664,watch — approaching pivot,unknown,1.0,54.8,C
107,LLOYDSENGG.NS,2026-07-31,88.66000366210938,89.24749946594238,86.45499992370605,82.60220001220704,62.103866806030275,60.59630012512207,89.06710483125252,37.400001525878906,95.0999984741211,True,True,True,True,True,True,True,False,False,21.548032931894845,noise,22.043093216009897,False,True,False,False,,Industrial Manufacturing,Industrial Products,80.56234718826406,True,True,12636.47,148.99,16804833.0,1.1791,—,24.6,48.0,59.5,80.5,50.0,81.25,watch — approaching pivot,unknown,1.0,54.6,C
108,CGCL.NS,2026-07-31,232.3800048828125,241.09083684285483,233.5127788119846,223.4200003051758,192.64766693115234,192.412900390625,235.5817972286141,151.10000610351562,264.5299987792969,True,True,True,True,True,True,True,False,False,28.395791986969265,green,154.25524717164546,False,False,False,False,,Finance,Non Banking Financial Company (NBFC),84.18907905460473,True,True,22358.53,97.9,4213078.0,0.4379,—,36.1,45.6,78.9,69.7,60.4,43.75,actionable,unknown,1.0,54.5,C
109,PNBHOUSING.NS,2026-07-31,1053.0999755859375,1066.4125162760417,1051.0618320041233,1039.271806640625,945.5744466145833,933.109525756836,1057.962374657927,723.9501950006703,1123.928744371121,True,True,True,True,True,True,True,False,False,6.004839092375902,green,137.28885896175765,False,False,False,False,,Finance,Housing Finance Company,70.25264873675631,True,True,27442.72,87.5,830875.0,0.3188,—,12.5,55.4,53.3,81.4,100.0,43.75,actionable,unknown,1.0,54.5,C
110,WANBURY.NS,2026-07-31,293.54998779296875,323.6958312988281,297.0527793036567,290.154001159668,258.3708676147461,254.2186508178711,312.5427395831852,161.5,358.8500061035156,True,True,True,True,True,True,True,False,False,22.185218644315817,noise,28.879211807874768,False,False,False,False,,Pharmaceuticals & Biotechnology,Pharmaceuticals,80.80684596577017,True,True,1025.65,9.49,323325.0,0.9254,—,40.6,54.3,73.5,57.6,77.0,25.0,actionable,unknown,1.0,54.4,C
111,STEL.NS,2026-07-31,574.8499755859375,555.1833343505859,571.7194417317709,547.7759973144531,493.3056652832031,489.15774856567384,558.5619360043291,380.0,657.2999877929688,True,True,True,True,True,True,True,True,False,39.070997241494474,noise,23.753802362350726,False,False,False,False,,Finance,Investment Company,87.77506112469437,True,True,1060.91,0.6,10396.0,0.0563,—,61.5,38.9,66.0,68.9,50.0,43.75,watch — approaching pivot,unknown,1.0,54.3,C
112,NAM-INDIA.NS,2026-07-31,1161.4000244140625,1152.9083455403645,1165.4178907606338,1140.2074096679687,992.9134488932292,960.3676644897461,1155.8026799879622,763.9435329333959,1233.5,True,True,True,True,True,True,True,True,False,46.896638559385465,noise,94.81924624529834,False,False,False,False,,Capital Markets,Asset Management Company,90.09779951100244,True,True,74247.83,109.63,943927.0,0.1477,—,46.9,55.4,45.7,82.3,50.0,54.166666666666664,watch — approaching pivot,unknown,1.0,54.2,C
113,NAVINFLUOR.NS,2026-07-31,7567.5,7643.916666666667,7572.25,7440.90720703125,6686.638518880209,6432.315925292969,7587.823585774862,4488.291781017636,7936.0,True,True,True,True,True,True,True,False,False,48.64696240924431,green,146.95703958803458,False,False,False,False,,Chemicals & Petrochemicals,Specialty Chemicals,90.58679706601467,True,True,38821.29,109.58,144809.0,0.2823,—,48.0,55.4,44.4,84.7,50.0,50.0,watch — approaching pivot,unknown,1.0,53.8,C
114,CEMPRO.NS,2026-07-31,1367.800048828125,1484.7583312988281,1395.7916666666667,1303.6336938476563,882.8283601888021,865.4818496704102,1425.7129915081848,502.01526853255285,1649.199951171875,True,True,True,True,True,True,True,False,False,80.04202419934452,noise,60.70079527199454,False,True,False,False,,Construction,Civil Construction,95.31377343113284,True,True,23497.11,168.23,1229910.0,0.7159,—,59.1,38.5,53.8,59.9,32.1,83.33333333333334,actionable,unknown,1.0,53.7,C
115,VISHNU.NS,2026-07-31,613.25,624.7583312988281,613.5166710747612,609.5620056152344,560.2333349609376,545.3150010681152,620.9757765641334,443.70001220703125,670.0,True,True,True,True,True,True,True,False,False,18.91036201339893,noise,61.9339059235956,False,False,False,False,,Chemicals & Petrochemicals,Specialty Chemicals,79.01385493072534,True,True,4106.23,7.96,130553.0,0.1939,—,28.9,57.5,67.5,77.1,50.0,50.0,watch — approaching pivot,unknown,1.0,53.7,C
116,SOLARINDS.NS,2026-07-31,18391.0,18518.224772135418,18148.41579861111,18174.4015234375,15434.074036458333,14912.084125976562,18367.621301400828,11639.12322904721,19175.669773650465,True,True,True,True,True,True,True,True,False,27.198911752826316,noise,64.89787835009932,False,False,False,False,,Chemicals & Petrochemicals,Explosives,83.53708231458843,True,True,166420.26,282.57,153644.0,0.1698,—,41.8,57.5,47.3,85.8,50.0,50.0,watch — approaching pivot,unknown,1.0,53.7,C
117,LUPIN.NS,2026-07-31,2415.0,2431.8083292643228,2397.5379638671875,2355.748818359375,2276.617371419271,2210.805912475586,2423.8523669808933,1823.577705193406,2523.699951171875,True,True,True,True,True,True,True,False,False,22.569313435942796,red,121.63379075155885,False,False,False,False,,Pharmaceuticals & Biotechnology,Pharmaceuticals,80.92909535452323,True,True,110422.23,244.83,1013792.0,0.2217,—,32.3,47.1,48.5,85.4,100.0,25.0,actionable,unknown,1.0,53.6,C
118,DIVISLAB.NS,2026-07-31,8056.0,7457.141764322917,6978.3542887369795,6881.198271484375,6483.488821614584,6483.248630371094,7557.626603893578,5613.352076705792,8090.0,True,True,True,True,True,True,True,True,False,22.86179644485644,ppv,193.49872516663305,False,False,True,False,,Pharmaceuticals & Biotechnology,Pharmaceuticals,81.01059494702525,True,True,213861.49,312.72,388179.0,0.1462,—,55.7,55.4,87.5,99.2,0.0,25.0,extended,unknown,1.0,53.6,C
119,CCL.NS,2026-07-31,1155.300048828125,1188.0166625976562,1177.5749918619792,1154.4059936523438,1075.4338525390624,1044.6817663574218,1183.3010632936084,813.3032507787244,1242.199951171875,True,True,True,True,True,True,True,False,False,35.90425403975208,noise,49.568789544531164,False,False,False,False,,Agricultural Food & other Products,Tea & Coffee,86.7563162184189,True,True,15403.75,43.11,373145.0,0.2799,—,44.6,47.1,72.5,80.0,50.0,33.33333333333333,watch — approaching pivot,unknown,1.0,53.5,C
120,INOXINDIA.NS,2026-07-31,1908.0,1974.9333394368489,1924.3944498697917,1825.6273168945313,1438.6441552734375,1372.112098388672,1939.8226688724517,1063.7207176384813,2119.800048828125,True,True,True,True,True,True,True,False,False,63.77696132054831,noise,47.09226978359936,False,False,False,False,,Industrial Products,Other Industrial Products,93.80603096984515,True,True,17317.68,76.11,398875.0,0.4395,—,71.2,30.9,57.5,74.0,50.0,41.66666666666667,watch — approaching pivot,unknown,1.0,53.4,C
121,SBCL.NS,2026-07-31,749.4500122070312,742.308339436849,741.8138885498047,737.7399975585937,568.2855025227865,541.5278785705566,741.8100273286518,368.6000061035156,814.0,True,True,True,True,True,True,True,True,False,44.37371744607261,noise,68.47871841374258,False,False,False,False,,Industrial Products,Iron & Steel Products,89.28280358598208,True,True,4317.15,33.12,441962.0,0.7672,—,45.0,47.1,65.1,78.1,50.0,41.66666666666667,watch — approaching pivot,unknown,1.0,53.3,C
122,WABAG.NS,2026-07-31,1977.199951171875,2003.6166483561199,2010.9732089572483,1879.0927319335938,1483.2643212890625,1453.923140258789,1979.3122440155612,1030.4859602847353,2248.015501662673,True,True,True,True,True,True,True,False,False,24.148722566474646,noise,75.91120127387332,False,False,False,False,,Other Utilities,Water Supply & Management,81.90709046454768,True,True,12341.18,135.17,683642.0,1.0953,—,47.8,29.7,96.5,69.9,50.0,29.166666666666668,watch — approaching pivot,unknown,1.0,53.1,C
123,NYKAA.NS,2026-07-31,333.3999938964844,327.04583231608075,313.0430552164714,299.6009979248047,272.1424658203125,268.41309944152835,328.285196339516,200.13999938964844,338.0,True,True,True,True,True,True,True,True,False,58.43748776352828,noise,84.6486944523641,False,False,False,False,,Retailing,E-Retail/ E-Commerce,92.78728606356968,True,True,95482.02,230.17,6903640.0,0.2411,—,64.2,49.0,55.6,91.3,15.3,47.91666666666667,actionable,unknown,1.0,53.1,C
124,GOKULAGRO.NS,2026-07-31,225.11000061035156,214.7416648864746,215.72111087375217,220.08059967041015,198.45773305257163,195.80249954223632,217.45871446562768,142.5,249.9199981689453,True,True,True,True,True,True,True,True,False,45.53741468815395,red,110.42502805159585,False,False,False,False,,Agricultural Food & other Products,Edible Oil,89.69030154849226,True,True,6642.7,11.6,515279.0,0.1746,—,45.9,70.0,47.2,74.1,50.0,33.33333333333333,watch — approaching pivot,unknown,1.0,53.1,C
125,ICIL.NS,2026-07-31,401.25,400.24999745686847,403.8708326551649,381.81,306.23586700439455,302.1293999481201,403.8318390800955,216.89999389648438,463.79998779296875,True,True,True,True,True,True,True,False,False,37.1693117967198,noise,20.53578513062085,False,False,False,False,,Textiles & Apparels,Other Textile Products,87.12306438467807,True,True,7946.93,35.53,885446.0,0.4471,—,60.0,45.4,72.0,67.0,50.0,22.916666666666664,watch — approaching pivot,unknown,1.0,53.0,C
126,FUSION.NS,2026-07-31,207.8300018310547,217.1350008646647,206.97166697184244,197.16820068359374,183.0532002766927,180.18310020446776,212.80999609951238,136.5,243.0,True,True,True,True,True,True,True,False,False,24.658109590540576,noise,86.59479443301318,False,False,False,False,,Finance,Microfinance Institutions,82.19233903830481,True,True,3360.95,17.19,826987.0,0.5114,—,48.4,47.4,84.0,65.1,27.3,43.75,actionable,unknown,1.0,52.7,C
127,HIRECT.NS,2026-07-31,1338.300048828125,1297.0333455403645,1179.9916619194878,1155.9939965820313,893.3020007324219,865.9377505493164,1292.1230578650893,565.2000122070312,1399.0,True,True,True,True,True,True,True,True,False,56.32520581631333,noise,69.97218746445711,False,False,True,False,,Industrial Manufacturing,Industrial Products,92.29828850855746,True,True,4600.04,32.43,242309.0,0.705,—,52.0,44.8,55.0,91.3,0.0,81.25,extended,unknown,1.0,52.4,C
128,FIEMIND.NS,2026-07-31,2323.300048828125,2310.158976236979,2253.349839952257,2250.7449462890627,2186.849529622396,2180.236845703125,2316.32086682114,1763.517098255898,2511.8813121975145,True,True,True,True,True,True,True,True,False,21.552095769834388,red,280.77802499336985,False,False,False,False,,Auto Components,Auto Components & Equipments,80.60309698451508,True,True,6114.85,11.44,49254.0,0.1871,—,24.7,47.1,52.5,79.0,50.0,77.08333333333334,watch — approaching pivot,unknown,1.0,52.4,C
129,WELCORP.NS,2026-07-31,1650.5999755859375,1631.433349609375,1535.8021477593315,1489.0409301757813,1112.4791235351563,1047.8686404418945,1636.483192306218,707.6502693631002,1700.0,True,True,True,True,True,True,True,True,False,79.12290584754824,noise,37.89337567023232,False,False,False,False,,Industrial Products,Iron & Steel Products,95.2322738386308,True,True,43526.97,159.26,964864.0,0.3659,—,59.7,37.4,89.0,88.2,0.0,41.66666666666667,extended,unknown,1.0,52.3,C
130,HSCL.NS,2026-07-31,750.6500244140625,765.9416758219401,701.2361128065321,682.487001953125,556.5176505533855,532.5794770812988,756.4507854056108,417.9330556788151,819.5,True,True,True,True,True,True,True,False,False,54.50530388247865,noise,38.026685446308136,False,False,False,False,,Chemicals & Petrochemicals,Carbon Black,91.80929095354523,True,True,37874.84,898.3,11967002.0,2.3718,—,62.6,35.4,57.5,77.2,36.7,50.0,actionable,unknown,1.0,52.2,C
131,LAURUSLABS.NS,2026-07-31,1816.199951171875,1653.1583455403645,1533.227789984809,1493.9340087890625,1217.5941927083334,1159.6289373779298,1700.0562011367415,808.577124737889,1826.5999755859375,True,True,True,True,True,True,True,True,False,99.97893799794177,ppv,111.05663504571741,False,False,True,False,,Pharmaceuticals & Biotechnology,Pharmaceuticals,97.10676446617767,True,True,98131.5,422.41,2325779.0,0.4305,—,63.2,37.5,90.0,98.9,0.0,25.0,extended,unknown,1.0,52.0,C
132,DIVGIITTS.NS,2026-07-31,962.75,943.4791564941406,924.147216796875,885.6579968261718,744.3593314615886,712.0564981079101,952.4458792569956,573.7000122070312,1065.0,True,True,True,True,True,True,True,True,False,49.831661729174655,dry,18.439338972760407,False,False,False,False,,Auto Components,Auto Components & Equipments,90.91279543602282,True,True,2944.37,18.73,194517.0,0.636,—,49.3,44.2,70.0,74.8,0.0,77.08333333333334,extended,unknown,1.0,51.8,C
133,MENONBE.NS,2026-07-31,210.58999633789062,211.6069424947103,182.42860709296332,172.78130645751952,138.0239173380534,131.4931378173828,210.81552160704723,100.57782056732867,231.60000610351562,True,True,True,True,True,True,True,False,False,60.53064856879284,dry,13.91562290638635,False,False,False,False,,Auto Components,Auto Components & Equipments,93.23553382233088,True,True,1177.12,5.11,243467.0,0.4345,—,68.0,43.8,47.5,75.9,0.0,77.08333333333334,extended,unknown,1.0,51.6,C
134,ZYDUSWELL.NS,2026-07-31,577.5499877929688,574.9541676839193,557.606433444553,540.5587878417969,478.43079427083336,470.75474029541016,570.7571071477502,366.8171926721902,611.8499755859375,True,True,True,True,True,True,True,True,False,43.777327435409966,noise,58.50931188604432,False,False,False,False,,Food Products,Packaged Foods,89.20130399348002,True,True,18375.37,41.73,722458.0,0.2271,—,51.5,41.9,69.7,82.8,29.5,39.58333333333333,actionable,unknown,1.0,51.5,C
135,TMB.NS,2026-07-31,851.7000122070312,831.4166717529297,787.5333319769966,767.344990234375,670.6051540120443,624.4038397216797,840.482487594611,405.09227596916213,917.0,True,True,True,True,True,True,True,True,False,98.21804441856005,noise,98.85954874495249,False,False,False,False,,Banks,Private Sector Bank,96.9437652811736,True,True,13486.79,36.61,429813.0,0.2714,—,70.0,38.1,48.8,79.8,13.3,62.5,actionable,unknown,1.0,51.4,C
136,RAIN.NS,2026-07-31,222.9499969482422,219.52916717529297,203.1352793375651,199.52840118408204,158.5013333638509,148.66415016174315,219.90764268381974,99.9000015258789,228.0,True,True,True,True,True,True,True,True,False,42.69822661116529,noise,50.91643293308362,False,False,False,False,,Chemicals & Petrochemicals,Petrochemicals,88.87530562347187,True,True,7498.83,155.79,6987660.0,2.0775,—,48.9,41.5,55.0,89.6,33.7,50.0,actionable,unknown,1.0,51.3,C
137,CARYSIL.NS,2026-07-31,1175.300048828125,1165.6000061035156,1173.0722215440537,1155.327001953125,966.2346659342448,962.4169998168945,1166.609155184592,732.0999755859375,1280.9000244140625,True,True,True,True,True,True,True,True,False,31.502947530394177,noise,35.81059784763909,False,True,False,False,,Consumer Durables,Household Appliances,85.53382233088834,True,True,3342.86,18.43,156778.0,0.5512,—,36.2,57.1,49.9,77.5,50.0,45.83333333333333,watch — approaching pivot,unknown,1.0,51.3,C
138,RUBYMILLS.NS,2026-07-31,373.0,400.12083943684894,361.89444732666016,343.4226022338867,256.8048668416341,248.25640029907225,390.7688237053612,169.02000427246094,424.8999938964844,True,True,True,True,True,True,True,False,False,58.5702493572356,dry,10.722348936320675,False,False,False,False,,Textiles & Apparels,Other Textile Products,92.86878565607172,True,True,1247.31,2.79,74896.0,0.224,—,68.8,37.5,55.0,69.6,55.1,22.916666666666664,actionable,unknown,1.0,51.2,C
139,ZYDUSLIFE.NS,2026-07-31,1126.800048828125,1125.363993326823,1117.2849561903213,1108.5398999023437,978.114726155599,970.6612515258789,1121.3669765423576,834.749872350541,1180.4391594331853,True,True,True,True,True,True,True,True,False,13.36509428192394,noise,54.19645083677901,False,False,False,False,,Pharmaceuticals & Biotechnology,Pharmaceuticals,75.18337408312958,True,True,112398.74,175.52,1557708.0,0.1562,—,12.1,57.1,46.8,84.9,100.0,25.0,actionable,unknown,1.0,51.2,C
140,KINGFA.NS,2026-07-31,5248.5,5091.083333333333,5087.847222222223,5155.19,4679.059344075521,4582.84150756836,5110.583872782597,3184.89990234375,5699.39990234375,True,True,True,True,True,True,True,True,True,45.291223061841436,green,122.67994207480413,False,False,False,False,,Industrial Products,Plastic Products - Industrial,89.60880195599023,True,True,7112.44,4.08,7775.0,0.0574,—,45.8,47.1,52.5,78.2,50.0,41.66666666666667,watch — approaching pivot,unknown,1.0,51.2,C
141,MACPOWER.NS,2026-07-31,1458.199951171875,1359.0333251953125,1281.0083414713542,1203.65900390625,1055.2930017089843,1018.8947509765625,1383.6463908070348,761.0,1578.800048828125,True,True,True,True,True,True,True,True,False,43.06170878969861,red,155.40763981365893,False,False,False,False,,Industrial Manufacturing,Industrial Products,88.95680521597392,True,True,1458.81,6.94,47618.0,0.476,—,64.2,27.6,61.6,78.7,0.0,81.25,extended,unknown,1.0,51.1,C
142,USHAMART.NS,2026-07-31,495.95001220703125,501.39583587646484,495.5833324856228,495.73699829101565,452.91033223470055,452.0714988708496,501.94099468937094,333.6000061035156,527.5,True,True,True,True,True,True,True,False,False,32.07834997252987,noise,54.693426391116276,False,False,False,False,,Industrial Products,Iron & Steel Products,85.73757131214343,True,True,15096.73,33.47,674814.0,0.2217,—,36.7,55.4,50.0,82.0,50.0,41.66666666666667,watch — approaching pivot,unknown,1.0,51.0,C
143,JINDALSAW.NS,2026-07-31,256.95001220703125,260.3333371480306,259.7466672261556,254.25840087890626,214.1331039428711,202.91823936462401,258.12744560058576,151.60325107352764,278.95001220703125,True,True,True,True,True,True,True,False,False,19.69965824115498,noise,32.129509856652945,False,False,False,False,,Industrial Products,Iron & Steel Products,79.42135289323554,True,True,16383.67,51.94,2021589.0,0.3171,—,24.6,55.4,65.5,78.2,50.0,41.66666666666667,watch — approaching pivot,unknown,1.0,50.9,C
144,INDOBORAX.NS,2026-07-31,374.8999938964844,403.30550893147785,377.45733727349176,361.34447021484374,276.5630139160156,265.28475509643556,393.9013685447922,204.51708976468473,457.507428607726,True,True,True,True,True,True,True,False,False,46.50662082343109,dry,14.301924699367863,False,False,False,False,,Chemicals & Petrochemicals,Commodity Chemicals,89.97555012224939,True,True,1203.05,17.01,453701.0,1.4138,—,46.6,28.4,77.0,57.9,50.0,50.0,watch — approaching pivot,unknown,1.0,50.8,C
145,IFCI.NS,2026-07-31,76.54000091552734,72.06000010172527,76.90472221374512,75.48100006103516,63.54166659037272,60.82849992752075,72.73384301736638,46.22999954223633,95.80000305175781,True,True,True,True,True,True,True,True,False,29.72881511106329,noise,75.21204208948036,False,False,False,False,,Finance,Financial Institution,84.88182559087205,True,True,20622.28,433.87,56685272.0,2.1039,—,50.0,50.9,54.5,54.0,50.0,43.75,watch — approaching pivot,unknown,1.0,50.5,C
146,BLISSGVS.NS,2026-07-31,465.6499938964844,466.6333363850911,485.90353224012586,465.44623962402346,301.55539642333986,265.46606773376465,466.0006109191039,117.5147500933485,551.9194964802983,True,True,True,True,True,True,True,False,False,200.6512157439337,dry,17.548126675582935,False,False,False,False,,Pharmaceuticals & Biotechnology,Pharmaceuticals,99.18500407497962,True,True,4947.25,79.91,1715989.0,1.6151,—,68.1,35.4,60.0,62.7,50.0,25.0,watch — approaching pivot,unknown,1.0,50.3,C
147,VIJAYA.NS,2026-07-31,1344.4000244140625,1346.0083414713542,1344.3277825249565,1328.5780029296875,1129.0763350423176,1098.8292504882813,1350.1718323077432,848.0,1440.0,True,True,True,True,True,True,True,False,False,18.02758396745523,noise,94.29816301117438,False,False,False,False,,Healthcare Services,Healthcare Service Provider,78.44335778321108,True,True,13847.01,40.84,303782.0,0.2949,—,19.7,55.4,89.0,80.7,50.0,12.5,watch — approaching pivot,unknown,1.0,50.1,C
148,QUESS.NS,2026-07-31,332.54998779296875,301.36666615804035,279.6413875155979,262.9645986938477,218.51433329264322,217.05450942993164,306.0132642350724,164.1008444924352,347.3500061035156,True,True,True,True,True,True,True,True,False,17.762772756711698,ppv,1299.5172384234818,False,False,True,False,,Commercial Services & Supplies,Diversified Commercial Services,78.19885900570497,True,True,4966.96,47.98,1442810.0,0.966,—,49.1,35.9,100.0,91.5,0.0,27.083333333333332,extended,unknown,1.0,50.0,C
149,JBCHEPHARM.NS,2026-07-23,2408.89990234375,2435.2332967122397,2310.494425455729,2269.2444677734375,2064.628430989583,1979.3347778320312,2414.337336320388,1615.9959315693322,2525.5,True,True,True,True,True,True,True,False,False,45.102191793170945,dry,0.0,False,False,False,False,,Pharmaceuticals & Biotechnology,Pharmaceuticals,89.52730236348818,True,True,38792.59,82.62,341959.0,0.213,—,53.3,47.1,54.3,84.8,41.3,25.0,actionable,unknown,1.0,50.0,C
150,PAISALO.NS,2026-07-31,71.19999694824219,71.68666648864746,67.15388859642877,63.542799682617186,46.64353303273519,44.18884978294373,71.27737329762994,29.783536082586807,77.38999938964844,True,True,True,True,True,True,True,False,False,128.06004646451154,noise,26.93008685580582,False,True,False,False,,Finance,Non Banking Financial Company (NBFC),97.96251018744906,True,True,6475.8,107.58,15109360.0,1.6612,—,72.7,41.0,62.5,78.0,0.0,43.75,extended,unknown,1.0,49.9,C
151,INDSWFTLAB.NS,2026-07-31,224.27000427246094,230.61583709716797,211.66555658976236,194.96540100097656,150.43399998982747,137.56775005340577,227.8859356023596,87.1500015258789,248.4499969482422,True,True,True,True,True,True,True,False,False,114.22294301500489,noise,34.110318625027155,False,False,False,False,,Pharmaceuticals & Biotechnology,Pharmaceuticals,97.5957620211899,True,True,1950.29,24.98,1113884.0,1.2809,—,66.3,35.4,94.0,74.5,0.0,25.0,extended,unknown,1.0,49.9,C
152,CUB.NS,2026-07-31,206.5,220.91820653279623,212.86313671535916,205.63752197265626,201.6283529663086,199.231826171875,219.01991963689437,143.77801388003246,243.10249441139,True,True,True,True,True,True,True,False,False,37.29319688132695,red,164.2292756855236,False,False,False,False,,Banks,Private Sector Bank,87.24531377343114,True,True,20459.76,64.5,3123699.0,0.3153,—,43.5,38.7,49.5,63.9,50.0,62.5,watch — approaching pivot,unknown,1.0,49.9,C
153,SAILIFE.NS,2026-07-31,1315.0999755859375,1284.1666666666667,1247.7888997395833,1224.20400390625,1054.7786649576824,1012.8979983520508,1290.0925868272554,778.5,1338.0,True,True,True,True,True,True,True,True,False,58.16945772784201,noise,69.68007089093955,False,False,False,False,,Pharmaceuticals & Biotechnology,Pharmaceuticals,92.70578647106764,True,True,27918.9,74.54,566823.0,0.267,—,53.6,46.7,52.3,90.6,38.2,25.0,actionable,unknown,1.0,49.8,C
154,SANGAMIND.NS,2026-07-31,609.9000244140625,616.8333333333334,574.2207200792101,559.5537481689453,496.3655350748698,482.0752261352539,609.7531801950814,338.59289311880764,672.5,True,True,True,True,True,True,True,True,False,37.22016144231783,dry,11.426018927272526,False,False,False,False,,Textiles & Apparels,Other Textile Products,87.20456397718011,True,True,3007.42,6.84,112180.0,0.2275,—,49.2,66.6,77.0,75.4,0.0,22.916666666666664,extended,unknown,1.0,49.5,C
155,SENORES.NS,2026-07-31,1305.699951171875,1372.9833374023438,1350.5944485134548,1277.557001953125,983.6113334147135,933.0782513427735,1350.646174007088,632.0499877929688,1509.800048828125,True,True,True,True,True,True,True,False,False,85.4819132793579,noise,44.18279130025595,False,False,False,False,,Pharmaceuticals & Biotechnology,Pharmaceuticals,95.72127139364304,True,True,6013.22,57.3,438880.0,0.953,—,60.0,51.2,43.7,67.0,50.0,25.0,watch — approaching pivot,unknown,1.0,49.4,C
156,FLUOROCHEM.NS,2026-07-31,4366.7998046875,4444.0417073567705,4065.9583401150176,3948.7820068359374,3582.8626708984375,3577.417003173828,4419.912632427873,2916.60009765625,4653.2001953125,True,True,True,True,True,True,True,False,False,23.582528406019023,noise,31.432493491881928,False,False,False,False,,Chemicals & Petrochemicals,Specialty Chemicals,81.45884270578647,True,True,47969.3,59.48,136220.0,0.124,—,46.7,51.3,69.7,81.7,0.0,50.0,extended,unknown,1.0,49.4,C
157,TFCILTD.NS,2026-07-31,101.87000274658203,90.0991662343343,81.5680554707845,79.49060028076173,72.70539983113606,71.54689977645874,93.5044915661672,51.0,102.73999786376953,True,True,True,True,True,True,True,True,False,87.10336292816241,green,154.91177588693594,False,False,True,False,,Finance,Financial Institution,95.92502037489812,True,True,4716.35,84.6,8304767.0,1.7938,—,73.2,33.9,52.5,98.3,0.0,43.75,extended,unknown,1.0,49.2,C
158,GLAND.NS,2026-07-31,2502.89990234375,2461.2916666666665,2398.4222208658853,2365.3139990234376,1973.8686669921874,1933.6385021972656,2471.819923419428,1573.5999755859375,2586.0,True,True,True,True,True,True,True,True,False,23.085979437241132,noise,44.497632917642086,False,True,False,False,,Pharmaceuticals & Biotechnology,Pharmaceuticals,81.09209453952731,True,True,41289.5,168.36,672674.0,0.4078,—,25.9,57.1,74.3,87.6,30.0,25.0,actionable,unknown,1.0,48.7,C
159,GULPOLY.NS,2026-07-31,197.32000732421875,188.83916600545248,193.72472127278647,192.9377996826172,169.9686666870117,163.35839988708497,192.2908248655488,121.5,221.75,True,True,True,True,True,True,True,True,False,18.558876157448047,noise,20.240931733812957,False,False,False,False,,Agricultural Food & other Products,Other Agricultural Products,78.6878565607172,True,True,1227.0,12.86,651898.0,1.0483,—,40.3,47.1,55.0,72.0,50.0,33.33333333333333,watch — approaching pivot,unknown,1.0,48.5,C
160,BALAMINES.NS,2026-07-31,2133.300048828125,2281.800008138021,2191.3647664388022,2130.3112548828126,1500.8906522623697,1434.6014505004882,2247.6636840303813,963.3273935013657,2443.60009765625,True,True,True,True,True,True,True,False,False,26.039261719506147,noise,46.685582304243425,False,False,False,False,,Chemicals & Petrochemicals,Specialty Chemicals,82.84433577832111,True,True,6912.11,99.28,465402.0,1.4364,—,33.3,45.0,52.5,68.6,50.0,50.0,watch — approaching pivot,unknown,1.0,48.3,C
161,DIACABS.NS,2026-07-31,323.9700012207031,284.80750401814777,237.28750059339734,225.80700012207032,170.37140004475913,164.18700012207032,299.67175428115394,115.56999969482422,342.0,True,True,True,True,True,True,True,True,False,96.1908748507664,noise,75.95242376045917,False,False,False,False,,Electrical Equipment,Other Electrical Equipment,96.69926650366747,True,True,17072.28,243.4,7513068.0,1.4257,—,65.3,27.1,52.5,83.5,0.0,68.75,extended,unknown,1.0,48.3,C
162,RAMRAT.NS,2026-07-31,448.5,428.01768493652344,412.9418139987522,411.716318359375,362.8744211832682,349.09306701660154,435.4978891276006,266.4076130636512,516.9102884316486,True,True,True,True,True,True,True,True,False,26.086367901873885,red,202.9320165809112,False,False,False,False,,Electrical Equipment,Other Electrical Equipment,82.92583537082314,True,True,4182.04,11.02,245987.0,0.2635,—,30.2,38.3,45.2,67.5,54.0,68.75,actionable,unknown,1.0,48.3,C
163,INGERRAND.NS,2026-07-31,4335.60009765625,4428.774983723958,4441.141845703125,4329.862758789062,3952.052501627604,3885.0702978515624,4362.0996573233215,3049.5386808320995,4734.8339275732305,True,True,True,True,True,True,True,False,False,13.624721954471708,ppv,215.59417023394016,False,False,False,False,,Industrial Products,"Compressors, Pumps & Diesel Engines",75.26487367563163,True,True,13686.62,9.46,21811.0,0.0691,—,16.4,37.0,81.0,77.1,50.0,41.66666666666667,watch — approaching pivot,unknown,1.0,48.3,C
164,DPEL.NS,2026-07-30,561.9500122070312,574.2625020345052,529.8249994913737,521.4219989013671,416.91266581217445,381.2717491912842,567.7707494428064,123.0,599.0,True,True,True,True,True,True,True,False,False,320.9363387318586,noise,34.587481019065294,False,False,False,False,,Industrial Products,Cables - Electricals,99.63325183374083,True,True,1327.28,3.17,56818.0,0.2391,—,69.4,57.5,37.2,81.6,0.0,41.66666666666667,extended,unknown,1.0,48.1,C
165,VOLTAMP.NS,2026-07-31,9923.0,9353.836181640625,9665.240424262152,9579.5805859375,8929.308095703125,8621.145283203125,9419.263455219938,6594.353209382375,12724.746990128295,True,True,True,True,True,True,True,True,False,8.032438803531793,ppv,1374.5708286346573,False,False,False,False,,Electrical Equipment,Heavy Electrical Equipment,71.71964140179298,True,True,10039.22,65.72,66226.0,0.6546,—,4.0,47.1,74.4,54.0,50.0,68.75,watch — approaching pivot,unknown,1.0,47.9,C
166,MSTCLTD.NS,2026-07-31,618.2000122070312,605.9041646321615,651.731943766276,603.6809985351563,499.7943007405599,499.5645138549805,612.5967392473584,362.1499938964844,743.9000244140625,True,True,True,True,True,True,True,True,False,25.62241991664356,dry,16.23851267051964,False,False,False,False,,Commercial Services & Supplies,Trading & Distributors,82.72208638956805,True,True,4352.13,78.74,1273704.0,1.8092,—,49.7,41.9,58.5,60.2,50.0,27.083333333333332,watch — approaching pivot,unknown,1.0,47.6,C
167,IOLCP.NS,2026-07-31,146.3300018310547,150.01750055948892,147.00638982984754,142.34619995117188,101.95442103068034,98.66193363189697,149.28218430134854,67.07081715721031,179.60000610351562,True,True,True,True,True,True,True,False,False,59.27146449988398,dry,18.320149780992324,False,False,False,False,,Pharmaceuticals & Biotechnology,Pharmaceuticals,92.99103504482477,True,True,4295.19,77.29,5281970.0,1.7995,—,57.1,40.5,86.5,57.0,12.4,25.0,actionable,unknown,1.0,47.5,C
168,HESTERBIO.NS,2026-07-30,2478.199951171875,2454.8582967122397,2249.4170193142363,2169.865498046875,1741.2177360026042,1716.0354931640625,2447.6853015560832,1233.9436104429194,2683.60009765625,True,True,True,True,True,True,True,True,False,38.485730585158315,red,1139.855437633573,False,False,False,False,,Pharmaceuticals & Biotechnology,Pharmaceuticals,87.65281173594131,True,True,2107.75,8.63,34835.0,0.4095,—,59.8,36.2,79.5,78.7,0.0,25.0,extended,unknown,1.0,46.7,C
169,SPAL.NS,2026-07-31,992.0999755859375,1002.4583282470703,1032.9124942355686,965.7249963378906,806.8046655273438,788.850749206543,1007.7443545462089,600.0,1221.9000244140625,True,True,True,True,True,True,True,False,False,17.86164623797768,dry,13.050376386413213,False,False,False,False,,Textiles & Apparels,Garments & Apparels,78.239608801956,True,True,2494.03,26.48,266861.0,1.0615,—,39.2,36.0,77.0,56.4,50.0,22.916666666666664,watch — approaching pivot,unknown,1.0,46.6,C
170,MARKSANS.NS,2026-07-31,258.3500061035156,258.3041699727376,261.35417005750867,256.17320220947266,204.91613352457682,200.334400100708,258.37859617165276,155.0,281.6000061035156,True,True,True,True,True,True,True,False,False,13.961278451994241,noise,21.892653227059903,False,False,False,False,,Pharmaceuticals & Biotechnology,Pharmaceuticals,75.38712306438468,True,True,11707.49,78.45,3036595.0,0.6701,—,32.6,50.8,50.0,77.5,50.0,25.0,watch — approaching pivot,unknown,1.0,46.2,C
171,KIMS.NS,2026-07-31,804.7000122070312,796.4416656494141,802.8444468180338,793.1530041503906,707.8206677246094,703.183500366211,800.0760740580446,575.7999877929688,858.0,True,True,True,True,True,True,True,True,False,7.3148014145407725,noise,68.04824582394033,False,True,False,False,,Healthcare Services,Hospital,71.0676446617767,True,True,32199.18,48.27,599877.0,0.1499,—,2.5,65.4,75.0,81.6,50.0,12.5,watch — approaching pivot,unknown,1.0,46.2,C
172,PFC.NS,2026-07-31,424.3500061035156,412.0475031534831,416.4896070692274,418.44345947265623,409.32595072428387,396.7166094970703,416.1260254445093,321.10284542401155,481.99167945892475,True,True,True,True,True,True,True,True,False,8.224900372328303,ppv,178.21392199632476,False,False,False,False,,Finance,Financial Institution,71.92339038304809,True,True,140039.82,245.18,5777799.0,0.1751,—,7.3,38.8,79.9,70.1,50.0,43.75,watch — approaching pivot,unknown,1.0,46.1,C
173,GHCLTEXTIL.NS,2026-07-31,113.62000274658203,115.2133337656657,105.17886373731825,102.61671951293945,86.60122080485026,83.86119842529297,114.53615674544331,64.84792129679248,124.9000015258789,True,True,True,True,True,True,True,False,False,27.61384979160908,red,160.89435555967896,False,True,False,False,,Textiles & Apparels,Other Textile Products,83.86308068459658,True,True,1086.05,9.1,800581.0,0.8376,—,52.3,47.8,74.5,75.9,0.0,22.916666666666664,extended,unknown,1.0,46.0,C
174,ONEPOINT.NS,2026-07-31,57.459999084472656,55.111666679382324,56.684444427490234,57.38760009765625,53.60220013936361,52.932750129699706,55.89013504267234,40.58000183105469,65.8499984741211,True,True,True,True,True,True,True,True,False,17.60130652208605,noise,70.14761268270603,False,False,False,False,,Commercial Services & Supplies,Business Process Outsourcing (BPO)/ Knowledge Process Outsourcing (KPO),78.11735941320293,True,True,1508.31,8.59,1495180.0,0.5696,—,38.9,55.4,39.2,68.5,50.0,27.083333333333332,watch — approaching pivot,unknown,1.0,45.7,C
175,METROPOLIS.NS,2026-07-31,582.4500122070312,574.6833292643229,557.4972212049696,551.3710009765625,501.48362325032554,497.00020736694336,577.9345151172902,411.4375158286193,609.0499877929688,True,True,True,True,True,True,True,True,False,19.942394635833537,red,121.2091303141714,False,False,False,False,,Healthcare Services,Healthcare Service Provider,79.54360228198858,True,True,12078.2,26.86,461156.0,0.2224,—,22.3,47.1,59.5,85.3,58.9,12.5,actionable,unknown,1.0,45.5,C
176,IKS.NS,2026-07-30,1782.300048828125,1837.1750081380208,1784.5083346896702,1749.1580004882812,1617.8160026041667,1617.0515002441407,1820.661311165703,1262.0,1933.0,True,True,True,True,True,True,True,False,False,11.533169513649867,noise,25.888192372006685,False,False,False,False,,IT - Services,IT Enabled Services,74.1238793806031,True,True,30781.85,37.6,204895.0,0.1221,—,16.3,47.1,52.5,78.4,77.9,8.333333333333332,actionable,unknown,1.0,44.5,C
177,TIPSMUSIC.NS,2026-07-31,668.0499877929688,682.2708333333334,668.5736083984375,666.5689965820312,596.5747351074219,577.062811126709,680.7693812761945,478.56920878389656,741.0,True,True,True,True,True,True,True,False,False,12.262902432897892,noise,33.65796984103368,False,False,False,False,,Entertainment,Media & Entertainment,74.61287693561532,True,True,8539.79,36.72,549597.0,0.4299,—,25.4,65.4,47.5,74.3,50.0,6.25,watch — approaching pivot,unknown,1.0,44.1,C
178,IPCALAB.NS,2026-07-30,1758.800048828125,1810.7249857584636,1719.5055541992188,1680.8959985351562,1561.010000813802,1514.4040020751954,1785.1403163794357,1251.5999755859375,1944.9000244140625,True,True,True,True,True,True,True,False,False,16.715758319206376,noise,56.44608762492861,False,False,False,False,,Pharmaceuticals & Biotechnology,Pharmaceuticals,77.42461287693561,True,True,44342.42,47.19,270006.0,0.1064,—,32.3,46.4,50.0,74.9,42.1,25.0,actionable,unknown,1.0,43.8,C
179,CENTENKA.NS,2026-07-30,606.0,568.5083363850912,535.1777826944987,525.5480053710937,463.3543359375,461.2662519836426,578.5929665949573,371.20001220703125,671.6500244140625,True,True,True,True,True,True,True,True,False,20.536087758326737,red,132.2087342136017,False,False,False,False,,Textiles & Apparels,Other Textile Products,80.07334963325184,True,True,1333.87,11.07,181279.0,0.8296,—,39.0,52.2,72.5,74.5,0.0,22.916666666666664,extended,unknown,1.0,43.7,C
180,MUTHOOTMF.NS,2026-07-31,245.4600067138672,249.34416834513345,225.79527833726672,212.9661999511719,188.56293345133463,184.94459999084472,247.87280694090657,141.1999969482422,262.7699890136719,True,True,True,True,True,True,True,False,False,49.78947582095956,noise,65.91654675236526,False,False,False,False,,Finance,Microfinance Institutions,90.8720456397718,True,True,4118.0,19.4,790391.0,0.4711,—,53.1,31.6,58.5,80.8,0.0,43.75,extended,unknown,1.0,43.7,C
181,UNIHEALTH.NS,2026-07-31,750.0,742.2833353678385,659.3513895670573,596.6090008544921,441.4656673177083,390.3115007019043,741.5425204770429,133.64999389648438,819.9500122070312,True,True,True,True,True,True,True,True,False,346.16298201568867,noise,76.8748038908064,False,False,False,False,,Healthcare Services,Hospital,99.75550122249389,True,True,1177.5,2.23,29727.0,0.1893,—,72.2,37.5,58.8,76.9,0.0,12.5,extended,unknown,1.0,43.6,C
182,E2E.NS,2026-07-30,492.54998779296875,469.19167073567706,421.01527913411456,416.4486004638672,305.2440668741862,294.5907501220703,481.2539962185994,183.36000061035156,567.7999877929688,True,True,True,True,True,True,True,True,False,142.31316841650676,noise,85.49810291406705,False,False,False,False,,IT - Services,IT Enabled Services,98.37000814995925,True,True,10625.26,94.86,1834252.0,0.8928,—,81.8,37.5,46.8,67.5,0.0,8.333333333333332,extended,unknown,1.0,41.6,C
183,TORNTPHARM.NS,2026-07-31,5122.7998046875,4970.666666666667,4768.1111246744795,4676.88001953125,4324.743522135416,4162.278409423828,4966.578897992302,3450.040733610751,5140.7001953125,True,True,True,True,True,True,True,True,False,37.15601163712196,green,203.95176388054836,False,False,True,False,,Pharmaceuticals & Biotechnology,Pharmaceuticals,87.04156479217605,True,True,194854.84,304.07,593564.0,0.156,—,39.8,47.1,42.1,99.3,0.0,25.0,extended,unknown,1.0,40.6,C
184,CNL.NS,2026-07-31,993.2000122070312,960.3125050862631,833.8513878716362,783.2909997558594,695.3666662597657,693.8214990234375,968.9223245144711,525.0,1080.25,True,True,True,True,True,True,True,True,False,51.22805149076726,noise,20.36131673430233,False,False,False,False,,Commercial Services & Supplies,Trading & Distributors,91.23879380603097,True,True,1491.46,24.91,250777.0,1.67,—,49.6,27.2,65.2,77.9,0.0,27.083333333333332,extended,unknown,1.0,40.5,C
185,WOCKPHARMA.NS,2026-07-31,1959.699951171875,1891.0583190917969,1916.1305440266926,1912.3199853515625,1562.4966577148436,1509.090493774414,1899.6831030237754,1086.699951171875,2422.300048828125,True,True,True,True,True,True,True,True,False,15.459841795498686,noise,35.727130524225466,False,False,False,False,,Pharmaceuticals & Biotechnology,Pharmaceuticals,76.60961695191524,True,True,31843.59,438.58,2237975.0,1.3773,—,15.4,54.7,46.4,55.8,50.0,25.0,watch — approaching pivot,unknown,1.0,40.3,C
186,MONARCH.NS,2026-07-31,390.1499938964844,372.09583791097003,355.88194698757593,350.4300012207031,309.6279335530599,309.2374501037598,378.01865430752684,235.4499969482422,403.79998779296875,True,True,True,True,True,True,True,True,False,7.967637497816904,noise,24.821241653817943,False,True,False,False,,Capital Markets,Stockbroking & Allied,71.67889160554198,True,True,3070.03,8.6,222077.0,0.28,—,6.7,52.7,50.0,87.2,0.0,54.166666666666664,extended,unknown,1.0,39.5,D
187,WSTCSTPAPR.NS,2026-07-31,569.5,550.0625050862631,530.0166685316298,523.6080017089844,465.93000142415366,457.4895014953613,558.2820667757727,375.0,590.0,True,True,True,True,True,True,True,True,False,6.832640060087503,noise,65.24482727105624,False,False,False,False,,"Paper, Forest & Jute Products",Paper & Paper Products,70.78239608801957,True,True,3761.49,10.52,184670.0,0.2796,—,5.8,52.9,55.0,87.1,8.2,2.083333333333333,actionable,unknown,1.0,33.6,D
188,SUVEN.NS,2026-07-31,307.1000061035156,318.65416717529297,303.0958349439833,292.58220153808594,210.77806762695312,203.47335083007812,313.1613926201098,124.11000061035156,371.0,True,True,True,True,True,True,True,False,False,9.615934497879852,noise,26.670379801775624,False,True,False,False,,Healthcare Services,"Healthcare Research, Analytics & Technology",72.90138549307254,True,True,8677.5,59.02,1921697.0,0.6801,—,6.8,68.8,46.7,59.6,0.0,12.5,extended,unknown,1.0,32.6,D
