rank,symbol,date,close,MA12,MA36,MA50,MA150,MA200,EMA10,52w_low,52w_high,cond1_price_above_150_200,cond2_ma150_above_ma200,cond3_ma200_trending_up_1m,cond4_ma50_above_150_200,cond5_price_above_ma50,cond6_30pct_above_52w_low,cond7_within_25pct_52w_high,cond9_price_above_ema10,fresh_ma12_cross_today,12m_return_pct,volume_signal,relative_volume,bull_snort,inside_bar,is_52w_high,is_52w_low,data_source,industry_group,industry,rs_percentile,cond8_rs_at_least_70,all_conditions_met,total_market_cap_cr,traded_value_cr,traded_volume,traded_val_pct_mc,rs_score,vcp_score,volume_score,newhigh_score,entry_score,group_score,entry_status,market_state,market_multiplier,minervini_score,grade
1,KMEW.NS,2026-07-13,2425.39990234375,2281.0,2098.4472215440537,2094.039990234375,1832.809325358073,1692.1769921875,2302.389447542345,787.4500122070312,2465.0,True,True,True,True,True,True,True,True,False,207.22653300912168,noise,88.22231301179336,False,False,True,False,,Engineering Services,Dredging,99.14493373236427,True,True,5966.48,36.39,150044.0,0.6099,79.4,58.3,71.1,96.8,77.7,95.45454545454545,actionable,unknown,1.0,77.9,A
2,SAKAR.NS,2026-07-13,863.5,826.7208302815756,814.848609076606,771.2399987792969,578.4529988606771,526.7707495117188,827.3412182434384,311.0,889.9500122070312,True,True,True,True,True,True,True,True,False,145.6614509246088,ppv,136.2964128586277,False,False,True,False,,Pharmaceuticals & Biotechnology,Pharmaceuticals,98.24711415134672,True,True,1895.37,15.88,183960.0,0.8381,65.9,55.4,87.5,94.1,96.3,79.54545454545455,actionable,unknown,1.0,77.7,A
3,SAILIFE.NS,2026-07-13,1272.0999755859375,1238.6333516438801,1201.8944498697917,1175.2860034179687,1018.5213313802084,984.2129986572265,1240.3536692895202,776.25,1288.0,True,True,True,True,True,True,True,True,False,62.80796254354326,ppv,87.57081787792337,False,False,True,False,,Pharmaceuticals & Biotechnology,Pharmaceuticals,93.84352287302265,True,True,27004.9,78.7,618687.0,0.2914,57.8,57.5,89.0,97.5,81.9,79.54545454545455,actionable,unknown,1.0,75.0,A
4,NGLFINE.NS,2026-07-13,3160.89990234375,3120.5833333333335,2947.802788628472,2792.8160107421877,2210.4239990234373,2018.5744995117188,3143.2349651157137,1173.8127642927202,3329.0,True,True,True,True,True,True,True,True,False,147.78421281233318,noise,22.25703265416918,False,True,False,False,,Pharmaceuticals & Biotechnology,Pharmaceuticals,98.3326207781103,True,True,1952.81,5.93,18753.0,0.3035,67.7,78.3,46.7,83.9,100.0,79.54545454545455,actionable,unknown,1.0,74.6,A
5,GRWRHITECH.NS,2026-07-13,7041.0,6871.125,6414.575005425348,6098.4119921875,4467.33466796875,4211.087502441406,6897.865872803324,2671.6173087131406,7185.0,True,True,True,True,True,True,True,True,False,93.35379062097945,noise,44.05794454833866,False,True,True,False,,Industrial Products,Plastic Products - Industrial,96.45147498931166,True,True,16357.93,78.7,111776.0,0.4811,82.2,71.2,71.5,96.0,100.0,27.27272727272727,actionable,unknown,1.0,74.2,A
6,SANSERA.NS,2026-07-13,3281.199951171875,3190.375,3021.655565049913,2878.0380126953123,2316.1960009765626,2118.454998779297,3191.5285217634264,1213.621511341324,3361.5,True,True,True,True,True,True,True,True,False,134.9726245723573,noise,81.79607393370955,False,False,False,False,,Auto Components,Auto Components & Equipments,97.94784095767422,True,True,20475.86,99.18,302282.0,0.4844,76.4,57.5,84.3,89.2,71.7,70.45454545454545,actionable,unknown,1.0,74.0,A
7,UFBL.NS,2026-07-13,741.4000244140625,694.7958323160807,607.2625003390842,543.4920001220703,335.03333333333336,303.50440002441405,708.8233694765797,172.33999633789062,763.3499755859375,True,True,True,True,True,True,True,True,False,141.3804457583447,dry,17.558375930299455,False,True,False,False,,Leisure Services,Restaurants,98.03334758443779,True,True,2897.86,29.93,403721.0,1.0329,84.2,40.0,87.0,88.2,100.0,40.909090909090914,actionable,unknown,1.0,72.2,A
8,UNIPARTS.NS,2026-07-13,694.7999877929688,665.2083333333334,646.4388936360677,618.1950036621093,521.5576035563151,506.5360089111328,672.2136001829107,310.00520202330097,722.7000122070312,True,True,True,True,True,True,True,True,False,84.38594698136039,red,106.63028106424912,False,False,False,False,,Auto Components,Auto Components & Equipments,95.59640872167593,True,True,3133.63,14.43,207741.0,0.4606,59.8,58.1,69.0,86.3,99.6,70.45454545454545,actionable,unknown,1.0,71.9,A
9,STARHEALTH.NS,2026-07-13,599.75,588.9958292643229,555.4125027126736,543.9960021972656,491.72933492024737,489.65325119018553,590.5252745002748,416.54998779296875,614.2000122070312,True,True,True,True,True,True,True,True,False,38.782831995980985,red,103.93135053328982,False,False,False,False,,Insurance,General Insurance,87.98631893971783,True,True,35289.5,44.8,747019.0,0.127,59.1,70.0,89.0,89.3,90.4,38.63636363636363,actionable,unknown,1.0,71.9,A
10,TITAN.NS,2026-07-13,4601.5,4466.601318359375,4283.857008192274,4255.466372070313,4180.503131510417,4056.439569091797,4508.881310856224,3292.2971645749917,4679.7998046875,True,True,True,True,True,True,True,True,False,34.51235931159966,noise,66.79176942938196,False,False,True,False,,Consumer Durables,"Gems, Jewellery And Watches",86.0624198375374,True,True,408173.88,504.47,1096318.0,0.1236,63.0,63.8,56.8,96.7,73.6,88.63636363636364,actionable,unknown,1.0,71.5,A
11,MENONBE.NS,2026-07-13,179.60000610351562,166.53249867757162,160.99777603149414,155.54479858398437,129.67306635538736,127.05844982147217,169.76357487002272,101.5,183.0,True,True,True,True,True,True,True,True,False,45.45343775509001,noise,52.878533754079434,False,False,True,False,,Auto Components,Auto Components & Equipments,90.25224454895255,True,True,1006.48,4.14,230493.0,0.4113,67.0,62.2,45.0,96.3,100.0,70.45454545454545,actionable,unknown,1.0,71.1,A
12,SWANDEF.NS,2026-07-13,2254.60009765625,2252.8750203450522,2101.3555704752603,2043.684013671875,1838.170000813802,1581.5460012817382,2234.917527563046,277.7900085449219,2489.0,True,True,True,True,True,True,True,True,False,711.6202988962632,ppv,184.955275457559,False,False,False,False,,Industrial Manufacturing,Ship Building & Allied Services,99.87174005985464,True,True,11877.72,4.18,18529.0,0.0352,69.7,44.1,87.5,75.2,100.0,56.81818181818182,actionable,unknown,1.0,71.1,A
13,SHRIPISTON.NS,2026-07-13,4185.10009765625,4194.8249918619795,3758.9583265516494,3666.3719970703123,3293.8533610026043,3136.6850036621095,4165.659820732974,2297.412275557539,4421.5,True,True,True,True,True,True,True,True,False,71.2022700504763,noise,58.21204134098522,False,False,False,False,,Auto Components,Auto Components & Equipments,95.08336896109448,True,True,18435.29,28.28,67572.0,0.1534,67.8,38.8,96.5,83.3,77.9,70.45454545454545,actionable,unknown,1.0,70.9,A
14,SHILPAMED.NS,2026-07-13,630.2000122070312,599.6374969482422,557.8333324856228,529.5879992675781,401.1129994710287,392.53337478637695,606.2412554990419,259.5,634.0,True,True,True,True,True,True,True,True,False,48.742005179724444,noise,29.643085384427163,False,False,True,False,,Pharmaceuticals & Biotechnology,Pharmaceuticals,91.0218041898247,True,True,12325.57,69.19,1097856.0,0.5613,79.1,56.9,74.8,98.8,42.4,79.54545454545455,actionable,unknown,1.0,70.8,A
15,NEOGEN.NS,2026-07-13,2150.0,1992.7166849772136,1937.2833387586807,1868.4139990234376,1485.653331298828,1459.0454989624022,2022.179207599256,966.7000122070312,2164.89990234375,True,True,True,True,True,True,True,True,False,35.39133367243687,green,105.86678698281789,False,False,True,False,,Chemicals & Petrochemicals,Specialty Chemicals,86.48995297135528,True,True,5887.06,25.71,119576.0,0.4367,68.5,59.7,65.0,98.6,84.2,59.09090909090909,actionable,unknown,1.0,70.7,A
16,SPORTKING.NS,2026-07-13,192.52999877929688,180.00833129882812,179.39388868543836,171.4893994140625,129.14106638590494,121.72644969940185,182.5302901959828,78.16999816894531,198.5,True,True,True,True,True,True,True,True,False,70.74949805912134,ppv,254.9899477029981,False,False,True,False,,Textiles & Apparels,Other Textile Products,95.0406156477127,True,True,2450.34,9.63,500347.0,0.3931,65.1,55.4,90.0,94.0,80.6,45.45454545454545,actionable,unknown,1.0,70.5,A
17,LAURUSLABS.NS,2026-07-13,1558.5999755859375,1509.241678873698,1437.3277859157986,1393.979423828125,1160.4520682779948,1105.5738482666015,1510.3667051523396,773.7406282481397,1565.4000244140625,True,True,True,True,True,True,True,True,False,96.55576196804365,noise,83.75351400585869,False,False,True,False,,Pharmaceuticals & Biotechnology,Pharmaceuticals,96.57973492945703,True,True,84203.3,340.23,2182920.0,0.4041,62.0,57.5,75.1,99.1,59.5,79.54545454545455,actionable,unknown,1.0,70.2,A
18,GAYAPROJ.NS,2026-07-13,21.950000762939453,21.447500069936115,21.391666730244953,20.50960006713867,15.829066664377848,14.670599937438965,21.443977087304013,7.699999809265137,26.0,True,True,True,True,True,True,True,True,False,165.73850066237642,ppv,198.1957145996185,False,False,False,False,,Construction,Civil Construction,98.71740059854639,True,True,1019.14,1.34,608631.0,0.1311,67.3,58.8,92.5,62.8,50.0,86.36363636363636,watch — approaching pivot,unknown,1.0,69.9,B
19,EMCURE.NS,2026-07-13,1793.300048828125,1833.1000061035156,1773.08888414171,1749.1479956054689,1589.1339982096354,1532.8044995117189,1817.9593391734243,1234.4473129104058,1944.0,True,True,True,True,True,True,True,False,False,42.82375180635558,noise,42.3601843494094,False,False,False,False,,Pharmaceuticals & Biotechnology,Pharmaceuticals,89.43993159469858,True,True,34015.34,43.21,240971.0,0.127,58.5,63.8,91.5,78.5,50.0,79.54545454545455,watch — approaching pivot,unknown,1.0,69.8,B
20,WABAG.NS,2026-07-13,2205.699951171875,2113.0416463216147,1829.4861212836372,1716.2600073242188,1418.2260042317707,1416.6475024414062,2124.8099824941737,1033.0,2253.5,True,True,True,True,True,True,True,True,False,49.02461099492235,red,100.31823215137838,False,False,False,False,,Other Utilities,Water Supply & Management,91.15006412997008,True,True,13767.42,145.05,657618.0,1.0536,69.4,37.5,96.5,89.8,68.8,65.9090909090909,actionable,unknown,1.0,69.7,B
21,KODYTECH.NS,2026-07-10,1216.75,1094.5958353678386,989.9027743869358,939.8969982910156,861.5929988606771,821.4154995727539,1113.8143378586942,556.0499877929688,1237.699951171875,True,True,True,True,True,True,True,True,False,62.25496204653582,ppv,1110.2756892230577,True,False,True,False,,IT - Software,Computers - Software & Consulting,93.75801624625909,True,True,4525.38,5.66,15945.0,0.1251,85.4,28.2,93.8,96.6,37.4,84.0909090909091,actionable,unknown,1.0,69.4,B
22,STYLAMIND.NS,2026-07-13,3245.5,3221.558349609375,3131.5194430881074,2980.922001953125,2466.626009114583,2338.867007446289,3209.5240361963947,1594.0999755859375,3357.300048828125,True,True,True,True,True,True,True,True,False,99.4162826420891,noise,83.12007219417237,False,False,False,False,,Consumer Durables,Plywood Boards/ Laminates,96.83625480974776,True,True,5503.96,16.36,50421.0,0.2973,68.7,62.7,62.5,87.3,50.0,88.63636363636364,watch — approaching pivot,unknown,1.0,68.8,B
23,MAYURUNIQ.NS,2026-07-13,855.1500244140625,849.8041636149088,802.5972205268013,752.2820007324219,600.9900002034506,579.0472497558594,846.4360463964944,471.20001220703125,907.0,True,True,True,True,True,True,True,True,False,50.33441379969679,noise,21.106950684681102,False,False,False,False,,Consumer Durables,Leather And Leather Products,91.32107738349721,True,True,3715.85,24.07,281436.0,0.6477,58.0,58.5,52.5,82.6,83.2,88.63636363636364,actionable,unknown,1.0,68.4,B
24,GOLDIAM.NS,2026-07-13,374.54998779296875,343.9124984741211,336.0510414971246,324.81075073242187,281.8449129231771,280.80175552368166,348.7746070692224,198.75,393.6499938964844,True,True,True,True,True,True,True,True,False,46.3503816532195,red,206.6697415095396,False,False,False,False,,Consumer Durables,"Gems, Jewellery And Watches",90.46601111586148,True,True,5639.12,50.01,1335266.0,0.8869,77.8,67.4,43.5,84.3,50.0,88.63636363636364,watch — approaching pivot,unknown,1.0,67.8,B
25,RBLBANK.NS,2026-07-13,380.6000061035156,367.4874954223633,361.68194410536023,353.6640008544922,324.20500040690104,319.36800048828127,370.38190806931374,242.36866167193014,382.1000061035156,True,True,True,True,True,True,True,True,False,46.57305375998077,noise,90.91377285334971,False,False,False,False,,Banks,Private Sector Bank,90.50876442924327,True,True,58938.12,207.44,5450211.0,0.352,47.9,63.8,77.0,93.2,100.0,36.36363636363637,actionable,unknown,1.0,67.8,B
26,SYRMA.NS,2026-07-13,1431.699951171875,1403.2416687011719,1289.094455295139,1220.1130065917969,938.4496691894532,909.0112518310547,1405.4664262213923,620.351693642141,1517.699951171875,True,True,True,True,True,True,True,True,False,120.78812522354623,noise,39.59515302504677,False,True,False,False,,Industrial Manufacturing,Industrial Products,97.52030782385634,True,True,27578.12,224.37,1567162.0,0.8136,66.3,60.3,91.5,82.7,50.0,56.81818181818182,watch — approaching pivot,unknown,1.0,67.7,B
27,RADICO.NS,2026-07-13,4045.39990234375,3996.7083536783853,3712.99166531033,3646.9439892578125,3176.9913248697917,3166.425496826172,4008.79247495894,2500.0,4161.7998046875,True,True,True,True,True,True,True,True,False,53.60835943075213,noise,41.07557292933296,False,False,False,False,,Beverages,Breweries & Distilleries,92.00513039760581,True,True,54201.24,169.15,418127.0,0.3121,55.6,62.5,86.5,88.4,54.6,63.63636363636363,actionable,unknown,1.0,67.5,B
28,GNA.NS,2026-07-13,529.25,463.75416564941406,409.5083312988281,402.7624938964844,387.561220703125,368.3851393127441,471.3269562107865,289.7233688082436,537.0,True,True,True,True,True,True,True,True,False,65.85049659619659,ppv,546.052710648185,True,False,True,False,,Auto Components,Auto Components & Equipments,94.31380932022232,True,True,2272.11,14.74,278571.0,0.6489,86.7,51.3,97.5,97.1,0.0,70.45454545454545,extended,unknown,1.0,67.4,B
29,RPTECH.NS,2026-07-13,778.3499755859375,770.4750061035156,661.1958380805122,622.9400030517578,456.88233439127606,425.024500579834,765.0965341686244,274.03069500955513,812.8499755859375,True,True,True,True,True,True,True,True,False,156.06519775473595,noise,30.364787376508858,False,False,False,False,,IT - Hardware,Computers Hardware & Equipments,98.46088071825567,True,True,5129.3,94.14,1209468.0,1.8353,72.5,54.7,94.0,85.5,50.0,47.72727272727273,watch — approaching pivot,unknown,1.0,67.3,B
30,MANGLMCEM.NS,2026-07-13,965.4000244140625,929.9125010172526,878.6583336724175,878.3919970703125,835.7356656901042,812.9902487182617,935.7304440817845,679.3499755859375,974.9500122070312,True,True,True,True,True,True,True,True,False,29.516952006687625,noise,69.0839848595771,False,False,True,False,,Cement & Cement Products,Cement & Cement Products,83.62548097477554,True,True,2654.59,7.75,80229.0,0.2918,61.8,63.8,96.5,98.0,65.9,20.454545454545457,actionable,unknown,1.0,67.2,B
31,JNKINDIA.NS,2026-07-13,504.95001220703125,492.5125045776367,457.35833316379126,430.6109997558594,310.4010000610352,303.5176503753662,494.78723936208957,200.9199981689453,534.0,True,True,True,True,True,True,True,True,False,55.49611828311676,noise,20.779700570165904,False,False,False,False,,Industrial Manufacturing,Industrial Products,92.56092347156904,True,True,2825.39,63.52,1258023.0,2.2483,72.6,49.4,50.0,83.1,100.0,56.81818181818182,actionable,unknown,1.0,66.9,B
32,INDOTECH.NS,2026-07-13,3396.39990234375,3162.4583129882812,2820.5777655707466,2751.5079931640626,1944.353330078125,1888.992996826172,3167.425689836358,1100.0,3469.5,True,True,True,True,True,True,True,True,False,78.94625407501317,green,107.66823367842807,False,False,True,False,,Electrical Equipment,Heavy Electrical Equipment,95.46814878153057,True,True,3606.98,24.8,73011.0,0.6875,89.4,55.3,86.5,95.8,0.0,72.72727272727273,extended,unknown,1.0,66.9,B
33,HAPPYFORGE.NS,2026-07-13,1593.0,1535.941670735677,1454.4722290039062,1438.06400390625,1274.3040010579427,1204.1169998168946,1543.0883228449957,862.0499877929688,1600.0,True,True,True,True,True,True,True,True,False,70.71333911846453,noise,39.21612072342261,False,False,True,False,,Industrial Products,Castings & Forgings,94.9978623343309,True,True,15034.53,18.42,115614.0,0.1225,73.3,47.1,70.0,99.1,94.3,27.27272727272727,actionable,unknown,1.0,66.8,B
34,SONACOMS.NS,2026-07-13,670.8499755859375,651.0499979654948,619.1160108778212,608.5394116210938,542.3818003336588,522.9755381774902,657.305931187093,399.8350028638013,682.2000122070312,True,True,True,True,True,True,True,True,False,48.15316142892401,noise,77.41589540832047,False,False,False,False,,Auto Components,Auto Components & Equipments,90.89354424967935,True,True,41729.21,148.63,2215574.0,0.3562,78.8,57.5,77.5,90.7,24.9,70.45454545454545,actionable,unknown,1.0,66.4,B
35,RAIN.NS,2026-07-13,213.41000366210938,194.4000040690104,192.4416677686903,180.59140075683592,148.68279998779298,142.6429500579834,199.94508084570202,99.9000015258789,218.89999389648438,True,True,True,True,True,True,True,True,False,46.86649949175465,green,116.91690137896427,False,False,True,False,,Chemicals & Petrochemicals,Petrochemicals,90.55151774262505,True,True,7177.95,143.09,6705084.0,1.9935,65.0,47.6,55.0,95.0,91.1,59.09090909090909,actionable,unknown,1.0,66.3,B
36,NAM-INDIA.NS,2026-07-13,1215.300048828125,1192.5333251953125,1132.9575093587239,1115.2868481445312,964.1624686686198,938.6215768432617,1196.2247236904059,763.9435329333959,1233.5,True,True,True,True,True,True,True,True,False,54.96140532960789,noise,44.057302940142236,False,False,False,False,,Capital Markets,Asset Management Company,92.43266353142369,True,True,77693.63,132.28,1088483.0,0.1703,54.7,57.5,50.4,91.0,96.7,61.36363636363637,actionable,unknown,1.0,66.1,B
37,TORNTPHARM.NS,2026-07-13,4951.10009765625,4763.4167073567705,4561.24169921875,4514.0437890625,4210.999415690104,4061.2114184570314,4810.459924453524,3278.5595394910847,4973.0,True,True,True,True,True,True,True,True,False,48.938653497204456,ppv,153.6257085388985,False,False,True,False,,Pharmaceuticals & Biotechnology,Pharmaceuticals,91.0645575032065,True,True,167567.73,225.16,454772.0,0.1344,63.8,57.5,81.0,99.1,21.4,79.54545454545455,actionable,unknown,1.0,65.9,B
38,TMB.NS,2026-07-13,801.0999755859375,759.0083312988281,744.2819298638237,727.772587890625,640.4630423990885,596.0250845336914,771.6970046595308,405.09227596916213,812.5,True,True,True,True,True,True,True,True,False,86.29610573207454,noise,87.77619798809172,False,False,False,False,,Banks,Private Sector Bank,95.72466866182128,True,True,12685.53,37.45,467536.0,0.2953,75.5,57.2,48.1,91.2,94.2,36.36363636363637,actionable,unknown,1.0,65.7,B
39,PRIVISCL.NS,2026-07-13,3621.800048828125,3641.0166829427085,3458.402777777778,3403.982001953125,3099.3993391927083,3041.7600061035155,3624.6811100493087,2173.199951171875,3760.0,True,True,True,True,True,True,True,False,False,52.43234873073852,noise,44.68853609676667,False,True,False,False,,Chemicals & Petrochemicals,Specialty Chemicals,91.7058572039333,True,True,14147.73,36.8,101594.0,0.2601,56.7,73.8,71.4,86.6,50.0,59.09090909090909,watch — approaching pivot,unknown,1.0,65.7,B
40,MANAPPURAM.NS,2026-07-13,331.75,329.3625030517578,320.03472306993274,317.6504608154297,296.5733831787109,292.39176132202147,331.8174614562441,244.06989380600746,347.8999938964844,True,True,True,True,True,True,True,False,False,27.76352735417291,noise,68.4251448812841,False,False,False,False,,Finance,Non Banking Financial Company (NBFC),83.19794784095768,True,True,31162.48,124.32,3747473.0,0.3989,30.8,57.5,83.2,84.7,100.0,52.27272727272727,actionable,unknown,1.0,65.6,B
41,FEDERALBNK.NS,2026-07-13,332.5,328.8708267211914,314.7999996609158,307.2589996337891,286.57133443196614,271.7820008850098,328.7432728900468,183.99616636888095,336.5,True,True,True,True,True,True,True,True,False,56.39478509884699,noise,37.48008909106498,False,False,True,False,,Banks,Private Sector Bank,92.68918341171441,True,True,82014.54,381.31,11468012.0,0.4649,58.1,55.0,60.0,97.6,96.9,36.36363636363637,actionable,unknown,1.0,65.1,B
42,TALBROAUTO.NS,2026-07-13,403.95001220703125,412.4166666666667,376.5638893975152,363.1059997558594,299.34246541341145,296.83662643432615,406.1690563783343,219.89999389648438,435.0,True,True,True,True,True,True,True,False,False,39.17080421332151,noise,33.0972278424202,False,False,False,False,,Auto Components,Auto Components & Equipments,88.15733219324497,True,True,2493.51,14.59,361191.0,0.5851,58.1,58.3,78.4,79.7,50.0,70.45454545454545,watch — approaching pivot,unknown,1.0,65.0,B
43,SPAL.NS,2026-07-13,1124.800048828125,1125.9500020345051,946.0680541992188,904.3719982910156,779.1343326822916,767.8859997558594,1123.8237051754934,600.0,1221.9000244140625,True,True,True,True,True,True,True,True,False,35.74123380899334,noise,27.923389714483804,False,False,False,False,,Textiles & Apparels,Garments & Apparels,86.61821291150063,True,True,2827.62,28.79,255960.0,1.0182,58.8,37.5,79.5,78.1,100.0,45.45454545454545,actionable,unknown,1.0,64.8,B
44,HONASA.NS,2026-07-13,472.25,461.4250030517578,427.41250186496313,406.9350018310547,332.18733439127607,320.5002508544922,462.51222019233603,248.39999389648438,478.79998779296875,True,True,True,True,True,True,True,True,False,58.84628973777875,noise,21.486493369940522,False,False,True,False,,Personal Products,Personal Care,93.07396323215049,True,True,15396.49,122.15,2586505.0,0.7933,80.1,51.8,70.9,97.3,0.0,93.18181818181817,extended,unknown,1.0,64.8,B
45,SKYGOLD.NS,2026-07-13,623.2000122070312,565.6374944051107,531.2708316379124,514.1199993896485,405.16199869791666,387.04374908447267,583.5675828800214,246.0500030517578,638.0,True,True,True,True,True,True,True,True,False,96.93474108615764,noise,34.88084546115263,False,True,False,False,,Consumer Durables,"Gems, Jewellery And Watches",96.62248824283883,True,True,9651.74,92.47,1483814.0,0.9581,83.0,55.7,72.0,89.4,0.0,88.63636363636364,extended,unknown,1.0,64.7,B
46,PIXTRANS.NS,2026-07-13,1853.4000244140625,1808.1499938964844,1669.9388902452256,1634.0359985351563,1498.7973299153646,1487.2069982910157,1791.1635311392697,1220.0999755859375,1930.0,True,True,True,True,True,True,True,True,False,20.010074709034086,noise,33.727484376914596,False,False,False,False,,Industrial Products,Rubber,79.73492945703292,True,True,2525.29,16.11,86930.0,0.638,52.7,53.9,86.5,86.1,85.1,27.27272727272727,actionable,unknown,1.0,64.1,B
47,SMSPHARMA.NS,2026-07-13,399.79998779296875,406.2124989827474,384.1666666666667,390.9959997558594,367.7070003255208,346.90855018615724,404.47104724820156,207.70523539173377,447.79998779296875,True,True,True,True,True,True,True,False,False,66.63814454141345,red,126.72455624953668,False,False,False,False,,Pharmaceuticals & Biotechnology,Pharmaceuticals,94.3565626336041,True,True,3744.21,16.08,402169.0,0.4294,65.3,55.4,47.5,72.6,71.7,79.54545454545455,actionable,unknown,1.0,64.1,B
48,SIGMAADV.NS,2026-07-13,582.9500122070312,565.0916595458984,500.22499593098956,448.9829974365234,272.47773325602213,249.34755012512207,561.574230231204,95.52999877929688,638.0999755859375,True,True,True,True,True,True,True,True,False,465.1478464212889,green,128.6741564131425,False,False,False,False,,Aerospace & Defense,Aerospace & Defense,99.82898674647285,True,True,10273.89,26.92,461831.0,0.262,69.6,30.0,90.4,76.7,50.0,75.0,watch — approaching pivot,unknown,1.0,64.1,B
49,HFCL.NS,2026-07-13,214.6300048828125,215.18583170572916,195.87333255343967,181.3079998779297,109.44720003763835,100.71470022201538,214.60717785000594,59.81999969482422,229.5,True,True,True,True,True,True,True,True,False,160.53061704172373,noise,22.511142842594005,False,False,False,False,,Telecom - Services,Telecom - Infrastructure,98.58914065840104,True,True,32844.05,1136.67,52959691.0,3.4608,69.7,38.1,57.5,81.0,50.0,97.72727272727273,watch — approaching pivot,unknown,1.0,63.8,B
50,IOLCP.NS,2026-07-13,169.08999633789062,153.88916651407877,138.26722208658853,129.5395999145508,95.28604949951172,95.21769821166993,158.5218856433574,67.07081715721031,177.89999389648438,True,True,True,True,True,True,True,True,False,89.01745644672702,noise,51.104406561957575,False,True,False,False,,Pharmaceuticals & Biotechnology,Pharmaceuticals,95.98118854211202,True,True,4963.26,87.07,5149351.0,1.7543,78.1,51.9,86.5,84.1,0.0,79.54545454545455,extended,unknown,1.0,63.6,B
51,IDEAFORGE.NS,2026-07-13,907.5,849.7375030517578,867.9569464789497,845.9570007324219,580.7766670735678,555.9805003356934,867.3538957309365,366.0,992.25,True,True,True,True,True,True,True,True,False,54.15321576056884,ppv,43.54758595747937,False,False,False,False,,Aerospace & Defense,Aerospace & Defense,92.26165027789654,True,True,3938.21,123.18,1357377.0,3.1279,51.9,57.5,75.7,76.9,50.0,75.0,watch — approaching pivot,unknown,1.0,63.5,B
52,SBC.NS,2026-07-13,42.16999816894531,41.99833329518636,39.843055725097656,38.39960029602051,33.13626668294271,30.865050029754638,41.97963573131017,15.050000190734863,45.0,True,True,True,True,True,True,True,True,False,173.83116372420977,noise,55.416761136053275,False,False,False,False,,Textiles & Apparels,Garments & Apparels,98.84566053869175,True,True,2008.09,53.77,12750809.0,2.6777,67.7,63.8,71.5,81.4,50.0,45.45454545454545,watch — approaching pivot,unknown,1.0,63.3,B
53,ROSSTECH.NS,2026-07-13,1025.25,978.2166646321615,1005.83472527398,980.5370043945312,808.4543351236979,781.1282525634765,992.7771522269127,455.9747461789683,1122.0,True,True,True,True,True,True,True,True,False,117.73496192906974,green,106.42498206990227,False,False,False,False,,Aerospace & Defense,Aerospace & Defense,97.3492945703292,True,True,3879.57,19.45,189680.0,0.5013,63.8,47.1,72.5,76.8,50.0,75.0,watch — approaching pivot,unknown,1.0,63.2,B
54,RICOAUTO.NS,2026-07-13,131.4600067138672,133.68666712443033,131.88555484347873,127.71499923706055,122.1823996480306,115.65564975738525,133.12846621870733,65.40713375710308,157.0,True,True,True,True,True,True,True,False,False,69.65318855295865,dry,18.228405733506886,False,False,False,False,,Auto Components,Auto Components & Equipments,94.7413424540402,True,True,1778.46,39.47,3002543.0,2.2194,59.5,61.6,72.5,61.5,50.0,70.45454545454545,watch — approaching pivot,unknown,1.0,62.7,B
55,RRKABEL.NS,2026-07-13,2374.800048828125,2332.1416625976562,2226.0808987087676,2141.085300292969,1673.8175236002605,1586.0407397460938,2294.401367512395,1158.7465736666888,2549.0,True,True,True,True,True,True,True,True,False,78.72972148117823,green,119.92139095556833,False,False,False,False,,Industrial Products,Cables - Electricals,95.382642154767,True,True,26860.3,172.93,728198.0,0.6438,64.3,57.5,94.0,80.3,50.0,27.27272727272727,watch — approaching pivot,unknown,1.0,62.5,B
56,TEXINFRA.NS,2026-07-13,114.0,112.4450003306071,104.70055622524686,103.3340005493164,99.31293370564778,98.94445014953614,112.81261636209982,82.5,118.0,True,True,True,True,True,True,True,True,False,10.78167535563892,noise,44.43349735170189,False,False,False,False,,Commercial Services & Supplies,Diversified Commercial Services,74.34801197092776,True,True,1452.66,1.62,142012.0,0.1114,30.1,65.6,78.5,87.2,82.2,43.18181818181818,actionable,unknown,1.0,62.5,B
57,SATIN.NS,2026-07-13,267.19000244140625,252.27749888102213,237.8730549282498,231.34619903564453,178.69913330078126,171.45224975585938,254.6140214291903,133.00999450683594,270.8900146484375,True,True,True,True,True,True,True,True,False,61.181151930388175,ppv,112.93164702723217,False,False,True,False,,Finance,Microfinance Institutions,93.58700299273194,True,True,2938.77,29.46,1102417.0,1.0023,75.1,58.5,90.0,97.3,0.0,52.27272727272727,extended,unknown,1.0,62.4,B
58,STEELCAS.NS,2026-07-13,309.29998779296875,306.8999989827474,294.57222154405383,292.0739990234375,250.58264241536457,242.6015234375,307.7000831607182,175.6788221569667,344.0,True,True,True,True,True,True,True,True,False,34.197374892492995,noise,54.81394683969476,False,False,False,False,,Industrial Products,Castings & Forgings,85.84865327062847,True,True,3130.12,6.15,198696.0,0.1963,37.0,63.8,79.5,73.8,100.0,27.27272727272727,actionable,unknown,1.0,62.4,B
59,JBCHEPHARM.NS,2026-07-13,2460.0,2367.8833211263022,2252.709920247396,2220.9750244140623,2030.1353483072917,1949.0264038085938,2392.114783398885,1580.030091023051,2474.0,True,True,True,True,True,True,True,True,False,52.918115743638275,green,142.43826709684257,False,False,True,False,,Pharmaceuticals & Biotechnology,Pharmaceuticals,91.87687045746046,True,True,39497.44,75.48,306827.0,0.1911,72.0,57.5,60.0,98.9,13.0,79.54545454545455,actionable,unknown,1.0,62.4,B
60,SJS.NS,2026-07-13,2154.60009765625,2197.2499796549478,2128.3009372287324,2079.040498046875,1826.3694555664063,1769.8945141601562,2187.8914486710587,1129.4649379983273,2288.89990234375,True,True,True,True,True,True,True,False,False,70.5199643937027,noise,38.41468876432036,False,False,False,False,,Auto Components,Auto Components & Equipments,94.91235570756734,True,True,6895.83,24.82,115190.0,0.3599,58.1,63.8,55.0,82.3,50.0,70.45454545454545,watch — approaching pivot,unknown,1.0,62.2,B
61,QPOWER.NS,2026-07-13,1217.4000244140625,1176.933349609375,1170.111111111111,1169.6199975585937,958.1616678873698,948.3062518310547,1180.5952515110548,581.0,1441.0,True,True,True,True,True,True,True,True,False,70.25956072500306,noise,30.741191606802015,False,False,False,False,,Electrical Equipment,Heavy Electrical Equipment,94.82684908080377,True,True,9428.04,82.64,678787.0,0.8765,57.9,73.8,53.8,63.0,50.0,72.72727272727273,watch — approaching pivot,unknown,1.0,62.0,B
62,MBAPL.NS,2026-07-13,132.85000610351562,120.75833447774251,113.83041848076715,112.57461380004882,97.95360900878906,94.13357089996337,123.49305455547662,74.56403046577304,134.5,True,True,True,True,True,True,True,True,False,65.14231347164903,green,177.6023852274124,False,False,True,False,,Fertilizers & Agrochemicals,Fertilizers,94.14279606669517,True,True,5820.62,15.04,1131999.0,0.2584,57.3,50.0,54.2,97.5,50.0,77.27272727272727,watch — approaching pivot,unknown,1.0,62.0,B
63,GLAND.NS,2026-07-13,2461.199951171875,2456.2999877929688,2327.1333279079863,2236.66,1901.8120003255208,1899.0760021972656,2453.132026533444,1573.5999755859375,2573.5,True,True,True,True,True,True,True,True,False,31.55367241591478,noise,79.47274636877525,False,False,False,False,,Pharmaceuticals & Biotechnology,Pharmaceuticals,84.56605386917487,True,True,40599.88,151.83,616911.0,0.374,34.0,57.5,75.2,85.3,52.5,79.54545454545455,actionable,unknown,1.0,61.9,B
64,SANGAMIND.NS,2026-07-13,622.5499877929688,554.6083323160807,536.7038158840603,527.1196942138672,478.82913777669273,468.2783206176758,563.5617425079545,338.5928651443625,641.0,True,True,True,True,True,True,True,True,False,41.72579805753771,ppv,3234.916191643019,True,False,True,False,,Textiles & Apparels,Other Textile Products,89.18341171440787,True,True,3069.79,3.78,60728.0,0.1232,66.5,73.8,87.5,94.2,0.0,45.45454545454545,extended,unknown,1.0,61.9,B
65,KERNEX.NS,2026-07-13,2233.39990234375,2204.999989827474,1977.2249891493057,1817.6319921875,1363.8856656901041,1326.9232498168944,2182.220493424649,850.0,2445.0,True,True,True,True,True,True,True,True,False,87.64913409253099,noise,45.31707955042826,False,False,False,False,,Transport Services,Transport Related Services,95.93843522873023,True,True,3752.92,70.48,315562.0,1.8779,66.6,47.5,57.5,76.7,47.8,81.81818181818183,actionable,unknown,1.0,61.8,B
66,MOTHERSON.NS,2026-07-13,144.05999755859375,145.9316660563151,144.4394450717502,140.2486003112793,126.45571334838867,121.74604076385498,144.46425479662395,89.42248454216111,155.25,True,True,True,True,True,True,True,False,False,39.91777097620013,noise,60.44119770190712,False,False,False,False,,Auto Components,Auto Components & Equipments,88.49935870029927,True,True,151712.91,330.08,22912856.0,0.2176,43.2,63.8,68.7,79.6,50.0,70.45454545454545,watch — approaching pivot,unknown,1.0,61.4,B
67,IPCALAB.NS,2026-07-13,1823.300048828125,1740.058349609375,1635.3777804904514,1620.4000024414063,1528.8240014648438,1484.2365026855468,1756.3328134672902,1251.5999755859375,1838.5,True,True,True,True,True,True,True,True,False,24.613049382110418,ppv,119.96226564282426,False,False,True,False,,Pharmaceuticals & Biotechnology,Pharmaceuticals,82.04360837964943,True,True,46257.89,47.27,259252.0,0.1022,48.1,62.8,85.0,98.3,0.0,79.54545454545455,extended,unknown,1.0,61.2,B
68,LUPIN.NS,2026-07-13,2492.60009765625,2448.1583658854165,2341.277791341146,2331.09400390625,2259.823995768229,2191.746499633789,2460.137976008358,1836.800048828125,2526.89990234375,True,True,True,True,True,True,True,True,False,31.026175936280076,noise,62.817474236022065,False,False,False,False,,Pharmaceuticals & Biotechnology,Pharmaceuticals,84.35228730226592,True,True,113970.37,258.79,1038243.0,0.2271,54.8,47.1,50.1,91.3,59.0,79.54545454545455,actionable,unknown,1.0,61.1,B
69,EQUITASBNK.NS,2026-07-13,83.06999969482422,77.75583267211914,75.25500022040472,73.59400024414063,66.68120005289714,64.94160007476806,79.00066957679417,50.0,83.47000122070312,True,True,True,True,True,True,True,True,False,33.23175898601367,green,105.45115332614637,False,False,True,False,,Banks,Other Bank,85.50662676357418,True,True,9502.35,35.77,4305413.0,0.3764,64.9,59.6,56.0,99.0,56.4,36.36363636363637,actionable,unknown,1.0,60.8,B
70,INDSWFTLAB.NS,2026-07-13,237.6999969482422,217.7408332824707,181.22777769300671,168.85019958496093,137.73673299153646,128.5098998260498,223.03229461427696,87.1500015258789,248.4499969482422,True,True,True,True,True,True,True,True,False,101.13386049621793,noise,70.04761922023194,False,False,False,False,,Pharmaceuticals & Biotechnology,Pharmaceuticals,96.87900812312954,True,True,2064.1,34.6,1455563.0,1.6762,63.6,43.8,94.0,85.3,0.0,79.54545454545455,extended,unknown,1.0,60.6,B
71,KRISHNADEF.NS,2026-07-13,1304.800048828125,1266.7135314941406,1229.6336703830295,1204.7946533203126,1025.362149251302,969.2445721435547,1286.77263317387,664.3519847169132,1398.6358552528313,True,True,True,True,True,True,True,True,False,45.00510146564884,noise,37.0983878159972,False,False,False,False,,Aerospace & Defense,Aerospace & Defense,90.0812312954254,True,True,1948.51,22.93,175756.0,1.1769,50.5,61.9,54.0,80.6,50.0,75.0,watch — approaching pivot,unknown,1.0,60.6,B
72,SENORES.NS,2026-07-13,1435.5,1363.0833435058594,1235.2597215440537,1170.477998046875,928.2569999186198,885.6877505493164,1380.2950636454532,575.6500244140625,1487.9000244140625,True,True,True,True,True,True,True,True,False,144.46525377350986,noise,60.52284168343477,False,False,True,False,,Pharmaceuticals & Biotechnology,Pharmaceuticals,98.20436083796494,True,True,6610.99,64.72,450853.0,0.979,77.6,57.0,50.0,93.0,10.9,79.54545454545455,actionable,unknown,1.0,60.6,B
73,JAYBARMARU.NS,2026-07-13,197.14999389648438,178.41083526611328,153.2775001525879,136.92539978027344,107.08739985148112,103.95095001220703,181.82904427053816,70.42001244022823,197.14999389648438,True,True,True,True,True,True,True,True,False,160.24577517271942,noise,32.87428478299533,False,False,True,False,,Auto Components,Auto Components & Equipments,98.54638734501924,True,True,2134.15,28.36,1438372.0,1.3288,89.7,47.5,58.2,100.0,0.0,70.45454545454545,extended,unknown,1.0,60.5,B
74,PGIL.NS,2026-07-13,2049.39990234375,2016.2583312988281,1813.8055589463975,1744.9080688476563,1612.6721907552082,1566.822455444336,1994.3774259511645,1167.6434241636657,2115.699951171875,True,True,True,True,True,True,True,True,False,37.831824932143896,noise,48.231966876442435,False,False,False,False,,Textiles & Apparels,Garments & Apparels,87.51603249251816,True,True,9464.97,27.44,133882.0,0.2899,45.2,63.6,77.0,87.7,50.0,45.45454545454545,watch — approaching pivot,unknown,1.0,60.5,B
75,KRISHANA.NS,2026-07-13,139.0,139.63499959309897,137.2342940436469,136.70003479003907,115.29468276977539,112.38655963897705,138.70703986706755,85.51521252481179,152.3000030517578,True,True,True,True,True,True,True,True,False,57.00811384897306,noise,92.14900642137637,False,False,False,False,,Fertilizers & Agrochemicals,Fertilizers,92.90294997862334,True,True,4297.02,23.22,1670574.0,0.5404,53.4,37.5,77.0,76.5,50.0,77.27272727272727,watch — approaching pivot,unknown,1.0,60.3,B
76,LTF.NS,2026-07-13,324.70001220703125,317.90833536783856,292.17083655463324,289.3998846435547,285.7275745646159,282.85901863098144,318.65975117768477,192.4188983922586,338.6000061035156,True,True,True,True,True,True,True,True,False,56.883327372670166,ppv,350.93404417981924,False,False,False,False,,Finance,Non Banking Financial Company (NBFC),92.86019666524156,True,True,81358.79,181.65,5594411.0,0.2233,53.3,65.5,87.5,85.8,17.6,52.27272727272727,actionable,unknown,1.0,60.3,B
77,GRANULES.NS,2026-07-13,897.6500244140625,840.8333333333334,794.611107720269,780.1489978027344,660.7119995117188,633.97,856.1694079838393,432.6000061035156,907.7999877929688,True,True,True,True,True,True,True,True,False,86.95894119426013,noise,88.77098382519685,False,False,True,False,,Pharmaceuticals & Biotechnology,Pharmaceuticals,95.81017528858486,True,True,22243.49,125.4,1396973.0,0.5638,77.6,57.0,50.0,97.8,0.0,79.54545454545455,extended,unknown,1.0,59.6,B
78,PARAS.NS,2026-07-13,1224.5,1270.4250183105469,1122.2208421495225,1032.0200048828126,797.099003499349,775.3617526245117,1260.85556130807,580.5,1443.0,True,True,True,True,True,True,True,False,False,44.05115881285327,noise,29.218482186357182,False,True,False,False,,Aerospace & Defense,Aerospace & Defense,89.69645147498932,True,True,9867.92,441.28,3603771.0,4.4719,66.0,35.0,71.5,63.7,50.0,75.0,watch — approaching pivot,unknown,1.0,59.5,B
79,SPARC.NS,2026-07-13,259.4200134277344,250.55583572387695,231.21833504570856,214.27900085449218,160.00193369547526,153.6294002532959,256.5243866704716,108.0,289.0,True,True,True,True,True,True,True,True,False,64.1379363610516,noise,20.701429660240088,False,False,False,False,,Pharmaceuticals & Biotechnology,Pharmaceuticals,93.97178281316802,True,True,8418.74,158.91,6125477.0,1.8875,68.1,52.3,50.0,73.5,37.6,79.54545454545455,actionable,unknown,1.0,59.5,B
80,RISHABH.NS,2026-07-13,659.9000244140625,625.441660563151,572.1444439358181,552.2090002441406,456.72899943033855,442.78824966430665,636.7967184911766,272.29998779296875,692.7999877929688,True,True,True,True,True,True,True,True,False,133.6342700988685,noise,63.91849507784927,False,False,False,False,,Electrical Equipment,Other Electrical Equipment,97.90508764429244,True,True,2551.3,17.22,260969.0,0.675,79.1,63.1,55.0,84.5,0.0,72.72727272727273,extended,unknown,1.0,59.4,B
81,NAVINFLUOR.NS,2026-07-13,7637.0,7603.625,7364.287787543402,7265.3355078125,6523.826754557292,6221.389638671875,7600.329883316612,4488.291781017636,7810.0,True,True,True,True,True,True,True,True,False,51.86939091936051,noise,37.473517887382826,False,False,False,False,,Chemicals & Petrochemicals,Specialty Chemicals,91.62035057716973,True,True,39167.09,151.04,197771.0,0.3856,50.4,63.8,51.8,89.6,50.0,59.09090909090909,watch — approaching pivot,unknown,1.0,59.3,B
82,LLOYDSENGG.NS,2026-07-13,90.81999969482422,86.20333290100098,80.06805589463976,76.25980041503907,58.806000213623044,58.60290018081665,86.78106919978299,37.400001525878906,95.0999984741211,True,True,True,True,True,True,True,True,False,18.657453670454306,green,180.19497243287864,False,False,True,False,,Industrial Manufacturing,Industrial Products,79.05087644292432,True,True,12944.33,148.24,16322456.0,1.1452,21.1,49.1,59.5,91.0,100.0,56.81818181818182,actionable,unknown,1.0,59.2,B
83,MMFL.NS,2026-07-13,516.4000244140625,488.50833892822266,464.801752726237,463.1431787109375,435.60681640625,404.08232376098636,497.88664605852125,285.5132388663281,527.0,True,True,True,True,True,True,True,True,False,45.51637152011732,noise,61.59827536704685,False,True,False,False,,Auto Components,Auto Components & Equipments,90.29499786233434,True,True,2493.26,5.98,115852.0,0.24,66.7,67.1,55.0,90.0,7.0,70.45454545454545,actionable,unknown,1.0,59.1,B
84,ICIL.NS,2026-07-13,412.29998779296875,425.92083231608075,374.6000010172526,352.35700134277346,294.906867574056,293.0771497344971,418.12678665549146,216.89999389648438,463.79998779296875,True,True,True,True,True,True,True,False,False,40.92291458745698,noise,69.3754781851423,False,False,False,False,,Textiles & Apparels,Other Textile Products,88.92689183411714,True,True,8165.78,37.78,916426.0,0.4627,64.2,51.2,72.0,71.8,50.0,45.45454545454545,watch — approaching pivot,unknown,1.0,59.0,B
85,INDOBORAX.NS,2026-07-13,472.6499938964844,407.7458318074544,374.71805572509766,348.8510009765625,284.66526672363284,275.0427000427246,422.2183506988206,212.6091233313068,475.3999938964844,True,True,True,True,True,True,True,True,False,118.32130151553328,ppv,142.42346831751846,False,False,True,False,,Chemicals & Petrochemicals,Commodity Chemicals,97.43480119709278,True,True,1516.73,11.17,236352.0,0.7365,76.6,33.2,90.0,98.8,0.0,59.09090909090909,extended,unknown,1.0,58.9,B
86,GALAPREC.NS,2026-07-13,1156.800048828125,1153.5416768391926,1032.58472527398,978.6030029296875,828.2233345540365,809.9545001220703,1159.4322402435962,671.2000122070312,1260.0,True,True,True,True,True,True,True,False,False,36.198278928552185,noise,62.752940017249536,False,False,False,False,,Industrial Manufacturing,Industrial Products,86.746472851646,True,True,1482.58,9.17,79282.0,0.6186,59.1,42.4,72.5,77.6,50.0,56.81818181818182,watch — approaching pivot,unknown,1.0,58.7,B
87,SCHNEIDER.NS,2026-07-13,1378.300048828125,1436.6249898274739,1312.1138916015625,1307.5580029296875,993.2993339029948,948.1452514648438,1429.6545091177231,571.8499755859375,1548.0,True,True,True,True,True,True,True,False,False,67.0464294765416,noise,52.48456186788886,False,False,False,False,,Electrical Equipment,Heavy Electrical Equipment,94.44206926036767,True,True,32955.71,58.52,424571.0,0.1776,57.0,55.2,49.8,72.1,50.0,72.72727272727273,watch — approaching pivot,unknown,1.0,58.5,B
88,SOUTHBANK.NS,2026-07-13,45.880001068115234,45.6766668955485,44.96388922797309,43.58040031433106,41.00786674499512,39.719100131988526,45.655560370400686,27.970228553484873,49.900001525878906,True,True,True,True,True,True,True,True,False,53.67794306200744,noise,57.05384161609801,False,True,False,False,,Banks,Private Sector Bank,92.09063702436939,True,True,12011.69,79.94,17423472.0,0.6655,55.3,73.8,55.0,77.9,50.0,36.36363636363637,watch — approaching pivot,unknown,1.0,58.0,B
89,SURYODAY.NS,2026-07-13,191.57000732421875,179.38083267211914,172.84333250257703,171.06939880371092,147.09219955444337,146.23874965667724,180.8950803052385,115.41000366210938,195.0,True,True,True,True,True,True,True,True,False,39.811707306099954,ppv,214.83741495651068,False,False,True,False,,Banks,Other Bank,88.45660538691749,True,True,2036.19,10.8,563747.0,0.5304,58.0,55.4,95.0,96.5,8.0,36.36363636363637,actionable,unknown,1.0,58.0,B
90,NYKAA.NS,2026-07-13,328.3999938964844,314.6999994913737,288.94305250379773,283.9659979248047,265.0461328125,262.78549949646,317.7878434509462,200.13999938964844,332.1499938964844,True,True,True,True,True,True,True,True,False,53.911047200483765,noise,98.69622485138572,False,False,False,False,,Retailing,E-Retail/ E-Commerce,92.17614365113296,True,True,94050.07,220.21,6705511.0,0.2341,61.9,58.2,56.3,91.7,35.7,50.0,actionable,unknown,1.0,58.0,B
91,MUTHOOTMF.NS,2026-07-13,246.30999755859375,218.11750030517578,199.21194415622287,196.63440002441405,182.0444667561849,179.24889991760253,221.38075578663302,141.1999969482422,252.0,True,True,True,True,True,True,True,True,False,61.45123328544457,ppv,491.0903701626502,True,False,True,False,,Finance,Microfinance Institutions,93.67250961949551,True,True,4132.26,26.42,1072567.0,0.6393,63.4,48.1,90.0,95.5,0.0,52.27272727272727,extended,unknown,1.0,57.8,B
92,KIRLOSENG.NS,2026-07-13,2436.199951171875,2362.3416748046875,2107.9833475748696,1986.3420068359376,1555.8068041992187,1415.001905822754,2363.6903004535866,824.5338816109395,2720.0,True,True,True,True,True,True,True,True,False,193.92270205616362,noise,74.61707919537287,False,False,False,False,,Industrial Products,"Compressors, Pumps & Diesel Engines",99.05942710560069,True,True,35448.24,193.14,792807.0,0.5449,70.6,49.6,74.5,73.1,50.0,27.27272727272727,watch — approaching pivot,unknown,1.0,57.8,B
93,NITINSPIN.NS,2026-07-13,563.2999877929688,554.8250020345052,539.1666675143772,527.9740002441406,413.3030002848307,392.1162501525879,552.7383545401309,302.20001220703125,580.5,True,True,True,True,True,True,True,True,False,43.046056762385575,noise,63.61420255027554,False,False,False,False,,Textiles & Apparels,Other Textile Products,89.56819153484396,True,True,3166.87,10.77,191283.0,0.3402,53.7,67.5,48.1,88.1,50.0,45.45454545454545,watch — approaching pivot,unknown,1.0,57.8,B
94,MUFIN.NS,2026-07-13,129.74000549316406,131.429168065389,126.83194563123915,124.0242007446289,115.87326670328775,112.39119998931885,130.6375796330566,82.98999786376953,138.0,True,True,True,True,True,True,True,False,False,42.414937065031346,noise,25.49007453146791,False,True,False,False,,Finance,Non Banking Financial Company (NBFC),89.26891834117144,True,True,2570.96,27.85,2146304.0,1.0831,45.0,67.5,55.0,82.0,50.0,52.27272727272727,watch — approaching pivot,unknown,1.0,57.6,B
95,RAJRATAN.NS,2026-07-13,480.79998779296875,458.6749954223633,443.4750010172526,437.4030010986328,435.1493330891927,424.8507499694824,466.2231886536405,305.54998779296875,540.0,True,True,True,True,True,True,True,True,False,17.539065035403787,red,172.76006078345287,False,False,False,False,,Auto Components,Auto Components & Equipments,78.45233005557931,True,True,2441.07,4.01,83349.0,0.1642,39.7,45.0,52.5,72.1,79.7,70.45454545454545,actionable,unknown,1.0,57.6,B
96,KAPSTON.NS,2026-07-13,413.70001220703125,377.50833892822266,355.2125023735894,349.1750012207031,334.4248881022135,321.70496643066406,383.1753018949163,231.5800018310547,439.0,True,True,True,True,True,True,True,True,False,67.5916556524401,red,167.98776707341315,False,True,False,False,,Commercial Services & Supplies,Diversified Commercial Services,94.52757588713125,True,True,1258.98,1.19,28883.0,0.0949,65.7,68.2,79.5,82.5,0.0,43.18181818181818,extended,unknown,1.0,57.5,B
97,GMRAIRPORT.NS,2026-07-13,114.68000030517578,112.21083386739095,106.00638919406467,103.47840042114258,99.31786641438802,98.29284973144532,112.29929531014676,84.11000061035156,115.63999938964844,True,True,True,True,True,True,True,True,False,23.57758247186126,noise,66.3668627509818,False,False,False,False,,Transport Infrastructure,Airport & Airport services,81.57332193244976,True,True,121090.34,233.33,20346457.0,0.1927,33.7,55.9,82.0,92.3,78.3,11.363636363636363,actionable,unknown,1.0,57.2,B
98,NINSYS.NS,2026-07-13,869.75,862.1291656494141,762.9874979654948,711.4129992675781,487.9316666666667,473.2669999694824,866.6791776212599,281.04998779296875,935.0,True,True,True,True,True,True,True,True,False,91.04887424492037,noise,59.638226241930646,False,False,False,False,,IT - Software,Computers - Software & Consulting,96.28046173578453,True,True,1615.65,0.67,7679.0,0.0413,65.8,43.0,72.5,80.0,0.0,84.0909090909091,extended,unknown,1.0,57.0,B
99,THELEELA.NS,2026-07-13,501.20001220703125,486.9916712443034,454.05833604600696,442.9690020751953,430.8846673583984,430.54175003051756,490.2813200167817,384.5,511.0,True,True,True,True,True,True,True,True,False,17.157556453597667,noise,92.30892434925477,False,False,False,False,,Leisure Services,Hotels & Resorts,78.1530568619068,True,True,16737.97,20.37,406438.0,0.1217,19.0,41.0,71.2,90.2,100.0,40.909090909090914,actionable,unknown,1.0,56.8,B
100,NRBBEARING.NS,2026-07-13,424.1000061035156,428.38333384195965,413.2736129760742,391.25988830566405,306.0800773111979,297.8868115234375,426.5141667833045,211.10343900049978,467.6000061035156,True,True,True,True,True,True,True,False,False,55.09847874817733,noise,24.944482207056076,False,False,False,False,,Auto Components,Auto Components & Equipments,92.47541684480547,True,True,4110.49,43.96,1036583.0,1.0695,57.5,45.0,50.0,75.4,50.0,70.45454545454545,watch — approaching pivot,unknown,1.0,56.6,B
101,RML.NS,2026-07-13,1254.300048828125,1207.2541809082031,1041.3777838812935,1001.8480053710938,848.2880013020833,840.0852514648437,1223.5640966476426,608.5,1323.9000244140625,True,True,True,True,True,True,True,True,False,43.432409330202134,noise,26.57779875791894,False,False,False,False,,Auto Components,Auto Components & Equipments,89.61094484822574,True,True,3466.53,11.36,90575.0,0.3277,65.8,48.8,70.0,83.5,0.0,70.45454545454545,extended,unknown,1.0,56.1,B
102,GRINDWELL.NS,2026-07-13,2034.300048828125,2083.849395751953,2002.9561258951824,1940.4226342773438,1678.7180419921874,1658.726220703125,2054.405865482051,1316.5038257707065,2272.826345138105,True,True,True,True,True,True,True,False,False,17.99711326351685,dry,15.503506483626175,False,False,False,False,,Industrial Products,Abrasives & Bearings,78.66609662248824,True,True,22523.77,21.84,107368.0,0.097,34.2,63.4,90.1,73.0,50.0,27.27272727272727,watch — approaching pivot,unknown,1.0,56.1,B
103,JINDALSAW.NS,2026-07-13,268.6000061035156,263.6683298746745,252.06999969482422,245.5208123779297,204.87512369791668,199.0431842803955,265.2464255788459,151.60325107352764,278.95001220703125,True,True,True,True,True,True,True,True,False,17.55189791912819,noise,63.749660672218425,False,False,False,False,,Industrial Products,Iron & Steel Products,78.49508336896109,True,True,17126.5,71.46,2660446.0,0.4172,21.2,50.2,68.0,86.6,100.0,27.27272727272727,actionable,unknown,1.0,56.0,B
104,MWL.NS,2026-07-13,37.04999923706055,37.34416707356771,37.52555592854818,37.041900177001956,30.628133417765298,28.856775064468383,37.23331992108907,15.980856062908899,41.95000076293945,True,True,True,True,True,True,True,False,False,124.6102566806533,green,319.01745664542415,False,True,False,False,,Metals & Minerals Trading,Trading - Metals,97.60581445061992,True,True,1100.41,2.97,802155.0,0.2701,64.4,37.1,33.0,70.6,50.0,90.9090909090909,watch — approaching pivot,unknown,1.0,55.8,B
105,KARURVYSYA.NS,2026-07-13,308.3999938964844,298.67916615804035,292.42638905843097,292.9489990234375,287.4187996419271,274.92509979248047,300.1716249198582,201.82000732421875,343.45001220703125,True,True,True,True,True,True,True,True,False,37.55004242951492,noise,87.65396585707036,False,False,False,False,,Banks,Private Sector Bank,87.30226592560923,True,True,29810.53,90.02,2919033.0,0.302,40.4,55.4,60.0,73.6,75.9,36.36363636363637,actionable,unknown,1.0,55.6,B
106,TRIVENI.NS,2026-07-13,477.1499938964844,449.12916056315106,407.77499813503687,401.8959979248047,384.2551666259766,376.50963714599607,453.7663868527825,316.27607066481727,485.6000061035156,True,True,True,True,True,True,True,True,False,31.007267581672316,ppv,372.19174392120266,True,False,True,False,,Agricultural Food & other Products,Sugar,84.30953398888413,True,True,10514.62,23.68,496300.0,0.2252,63.4,52.9,92.5,96.5,0.0,25.0,extended,unknown,1.0,55.2,B
107,SKMEGGPROD.NS,2026-07-13,360.8999938964844,311.9108301798503,258.850276099311,237.02499938964843,198.82889923095703,196.35379943847656,315.03365597811586,131.98152317458252,372.0,True,True,True,True,True,True,True,True,False,167.5928352102892,ppv,436.4183900750767,True,False,True,False,,Food Products,Meat Products including Poultry,98.76015391192817,True,True,1902.86,35.68,988739.0,1.8753,81.2,37.5,85.0,94.0,0.0,29.545454545454547,extended,unknown,1.0,54.8,C
108,RATNAVEER.NS,2026-07-13,179.72999572753906,179.15833155314127,174.7008319430881,176.03619903564453,158.95719940185546,157.55249977111816,179.32466898396075,130.5,197.0,True,True,True,True,True,True,True,True,False,18.65715605670262,noise,21.326094983037677,False,False,False,False,,Industrial Products,Iron & Steel Products,79.00812312954254,True,True,1283.75,42.59,2369495.0,3.3174,38.8,63.8,74.5,76.5,50.0,27.27272727272727,watch — approaching pivot,unknown,1.0,54.7,C
109,KTKBANK.NS,2026-07-13,278.95001220703125,268.95833587646484,268.9763904147678,265.5110012817383,230.71306660970052,218.73154975891114,270.4704455121599,164.46822856250571,282.95001220703125,True,True,True,True,True,True,True,True,False,49.356813515298526,noise,74.98736232143175,False,False,False,False,,Banks,Private Sector Bank,91.23557075673364,True,True,10549.38,72.58,2602068.0,0.688,63.9,57.5,36.0,91.2,50.0,36.36363636363637,watch — approaching pivot,unknown,1.0,54.7,C
110,ONIDA.NS,2026-07-13,40.849998474121094,42.299166679382324,40.743888749016655,40.62399993896484,32.97833326975505,31.25784993171692,42.14545744919664,13.850000381469727,49.22999954223633,True,True,True,True,True,True,True,False,False,186.46562285030376,noise,21.798360976818863,False,False,False,False,,Consumer Durables,Consumer Electronics,99.0166737922189,True,True,1508.97,8.29,2029609.0,0.5494,67.7,50.0,53.8,6.0,50.0,88.63636363636364,watch — approaching pivot,unknown,1.0,54.7,C
111,RPEL.NS,2026-07-13,1316.4000244140625,1260.5874837239583,1152.7620154486763,1060.1160693359375,866.7848128255208,857.1456848144531,1275.6207191023143,560.8282002900473,1330.0,True,True,True,True,True,True,True,True,False,90.84607025394911,noise,29.91021134474323,False,False,True,False,,Industrial Products,Electrodes & Refractories,96.19495510902095,True,True,6045.17,21.0,159553.0,0.3474,83.4,44.9,62.5,98.0,11.3,27.27272727272727,actionable,unknown,1.0,54.5,C
112,SOTL.NS,2026-07-13,597.4500122070312,548.5833435058594,534.1763899061415,501.8300006103516,405.45233357747395,401.7540002441406,568.8470129468145,285.79998779296875,639.1500244140625,True,True,True,True,True,True,True,True,False,38.54931033345548,noise,29.92530694710731,False,True,False,False,,Petroleum Products,Lubricants,87.81530568619068,True,True,4096.14,30.16,504844.0,0.7363,61.6,57.9,55.0,81.0,50.0,22.727272727272727,watch — approaching pivot,unknown,1.0,54.4,C
113,THYROCARE.NS,2026-07-13,510.1499938964844,533.9500045776367,525.66443294949,507.804091796875,440.49146158854165,440.05595825195314,528.8783306560468,338.148639887055,574.9000244140625,True,True,True,True,True,True,True,False,False,44.674253919030306,noise,73.86246353739597,False,False,False,False,,Healthcare Services,Healthcare Service Provider,89.99572466866182,True,True,8119.63,26.79,525229.0,0.33,46.7,54.0,73.5,71.5,50.0,31.818181818181817,watch — approaching pivot,unknown,1.0,54.2,C
114,MANORAMA.NS,2026-07-13,1627.300048828125,1578.866678873698,1528.4694417317708,1505.6579956054688,1395.3299967447917,1394.5029986572265,1578.3168536483038,1060.5999755859375,1759.2495114293124,True,True,True,True,True,True,True,True,False,9.078345380287889,noise,89.29526881953772,False,False,False,False,,Food Products,Other Food Products,72.93715262932878,True,True,10271.91,29.06,178577.0,0.2829,16.3,63.8,57.5,79.0,92.0,29.545454545454547,actionable,unknown,1.0,54.1,C
115,LLOYDSME.NS,2026-07-13,1827.0999755859375,1778.4083353678386,1773.4329732259114,1759.9710131835936,1463.4423258463542,1418.7697869873048,1777.7022422971786,1042.2770517704853,1887.47194710694,True,True,True,True,True,True,True,True,True,23.50979964195401,noise,84.84327518938731,False,False,False,False,,Minerals & Mining,Industrial Minerals,81.53056861906798,True,True,102806.92,104.12,569843.0,0.1013,26.9,47.1,70.7,87.6,95.9,9.090909090909092,actionable,unknown,1.0,53.8,C
116,SANDHAR.NS,2026-07-13,667.0999755859375,687.1458384195963,696.2958340115017,649.4890002441406,559.7176676432292,549.5422499084473,680.2322740764254,402.13661244010495,763.2000122070312,True,True,True,True,True,True,True,False,False,28.61031170841335,noise,20.425540751013894,False,False,False,False,,Auto Components,Auto Components & Equipments,83.41171440786661,True,True,4024.97,39.49,591971.0,0.9811,31.3,65.4,44.1,68.8,50.0,70.45454545454545,watch — approaching pivot,unknown,1.0,53.6,C
117,DIAMONDYD.NS,2026-07-13,1197.0999755859375,1176.9916585286458,1139.5722215440537,1098.4730004882813,1069.9273364257813,1063.8952545166017,1183.9718735249146,858.9000244140625,1228.9000244140625,True,True,True,True,True,True,True,True,False,16.644172366564124,dry,14.002216892634573,False,False,False,False,,Food Products,Packaged Foods,77.8110303548525,True,True,2861.49,8.08,67503.0,0.2824,38.2,58.7,55.0,88.8,57.4,29.545454545454547,actionable,unknown,1.0,53.0,C
118,GANDHAR.NS,2026-07-13,206.1199951171875,189.08916346232095,172.28722042507596,166.53599884033204,149.9529721577962,146.52239074707032,192.44665588328894,115.0,209.8000030517578,True,True,True,True,True,True,True,True,False,22.95432698237214,noise,60.98359269019682,False,True,True,False,,Petroleum Products,Lubricants,81.27404873877725,True,True,2017.49,21.45,1040449.0,1.063,56.3,71.7,68.5,96.5,0.0,22.727272727272727,extended,unknown,1.0,52.9,C
119,INOXINDIA.NS,2026-07-13,1890.699951171875,1901.0833333333333,1771.2768249511719,1683.0030395507813,1361.2066805013021,1317.893850708008,1908.9826173021886,1063.7207176384813,2099.0,True,True,True,True,True,True,True,False,False,54.55369500205058,noise,71.4272299209852,False,False,False,False,,Industrial Products,Other Industrial Products,92.38991021804189,True,True,17160.65,81.03,428595.0,0.4722,66.0,44.3,57.5,74.2,50.0,27.27272727272727,watch — approaching pivot,unknown,1.0,52.9,C
120,NUVAMA.NS,2026-07-13,1919.699951171875,1857.2833150227864,1692.5499911838108,1633.085673828125,1425.1801896158854,1417.5608502197265,1877.9869754975762,1086.5091731363827,1993.699951171875,True,True,True,True,True,True,True,True,False,33.81639762019575,noise,54.117163343771935,False,False,False,False,,Capital Markets,Stockbroking & Allied,85.72039333048312,True,True,35040.06,109.53,570532.0,0.3126,59.1,47.4,64.5,86.6,2.7,61.36363636363637,actionable,unknown,1.0,52.9,C
121,INDUSINDBK.NS,2026-07-13,1012.9000244140625,974.0458374023438,935.4479285346138,928.1451013183594,893.0513354492188,867.6038519287109,989.3286359976566,709.4508644993872,1038.0,True,True,True,True,True,True,True,True,False,20.6709028194215,noise,41.10956435516582,False,False,False,False,,Banks,Private Sector Bank,80.33347584437794,True,True,78918.36,235.88,2328732.0,0.2989,44.4,47.1,69.0,89.2,38.6,36.36363636363637,actionable,unknown,1.0,52.7,C
122,KIRLPNU.NS,2026-07-13,1768.800048828125,1841.300801595052,1744.123514811198,1688.0222607421874,1314.4920552571614,1269.465705871582,1808.0712517014179,982.5701626913294,2187.0783808234205,True,True,True,True,True,True,True,False,False,26.836080104325877,noise,33.4780331031347,False,True,False,False,,Industrial Products,"Compressors, Pumps & Diesel Engines",82.85592133390338,True,True,11490.69,44.33,250598.0,0.3858,30.6,73.8,72.5,55.8,50.0,27.27272727272727,watch — approaching pivot,unknown,1.0,52.2,C
123,SBCL.NS,2026-07-13,732.75,744.5541687011719,736.7472178141276,704.4049975585938,540.4617120361328,526.232389831543,738.1308200255261,368.6000061035156,814.0,True,True,True,True,True,True,True,False,False,30.87727105289293,noise,72.1639406814879,False,True,False,False,,Industrial Products,Iron & Steel Products,84.22402736212057,True,True,4220.95,45.0,614118.0,1.0661,33.2,67.5,63.6,74.0,50.0,27.27272727272727,watch — approaching pivot,unknown,1.0,52.1,C
124,STEL.NS,2026-07-13,553.9500122070312,566.7333323160807,544.7861073811849,521.0879974365234,492.0686649576823,480.42174865722654,563.0269607608768,380.0,657.2999877929688,True,True,True,True,True,True,True,False,False,33.01716796003937,noise,25.471043567746616,False,False,False,False,,Finance,Investment Company,85.33561351004703,True,True,1022.34,0.64,11591.0,0.0628,55.8,30.0,66.0,62.6,50.0,52.27272727272727,watch — approaching pivot,unknown,1.0,51.9,C
125,PAISALO.NS,2026-07-13,72.30000305175781,68.61083316802979,60.34499973720975,56.87339965820313,43.367666486104326,41.84849980354309,69.76044080125406,29.783536082586807,74.9000015258789,True,True,True,True,True,True,True,True,False,129.45750398989819,noise,90.94086846044475,False,False,False,False,,Finance,Non Banking Financial Company (NBFC),97.69132107738349,True,True,6575.84,107.33,14844579.0,1.6321,71.7,39.6,62.5,87.1,0.0,52.27272727272727,extended,unknown,1.0,51.8,C
126,EDELWEISS.NS,2026-07-13,123.93000030517578,122.13583310445149,117.65388870239258,117.07419998168945,113.0067332458496,112.94489986419677,121.68308181230798,90.58317911856855,133.89999389648438,True,True,True,True,True,True,True,True,False,9.284080833504937,green,100.89056525996804,False,False,False,False,,Finance,Holding Company,73.1936725096195,True,True,11730.37,58.32,4705554.0,0.4971,7.5,63.8,70.0,79.1,50.0,52.27272727272727,watch — approaching pivot,unknown,1.0,51.7,C
127,THANGAMAYL.NS,2026-07-13,6233.0,6260.1667073567705,5446.988945855035,4994.056044921875,4067.802685546875,3692.9175164794924,6296.190014856247,1750.0999755859375,7165.0,True,True,True,True,True,True,True,False,False,225.8794181840647,noise,61.702701400940605,False,False,False,False,,Consumer Durables,"Gems, Jewellery And Watches",99.3159469858914,True,True,19373.42,128.42,206031.0,0.6629,71.9,27.1,57.5,68.0,0.0,88.63636363636364,extended,unknown,1.0,51.6,C
128,RUBYMILLS.NS,2026-07-13,381.1000061035156,344.6000010172526,322.2605561150445,297.0588000488281,239.90799967447916,236.22289978027345,355.3816853292845,169.02000427246094,397.1000061035156,True,True,True,True,True,True,True,True,False,53.42606268153707,noise,81.69217948155621,False,False,False,False,,Textiles & Apparels,Other Textile Products,91.91962377084224,True,True,1274.4,2.77,72750.0,0.2176,65.3,37.5,55.0,85.9,26.5,45.45454545454545,actionable,unknown,1.0,51.6,C
129,HSCL.NS,2026-07-13,663.0999755859375,663.6499989827474,655.0027770996094,640.0324523925781,530.0688376871744,511.7085203552246,660.4822047310892,417.9330556788151,718.0,True,True,True,True,True,True,True,True,False,30.208741263246154,noise,36.272729521694586,False,False,False,False,,Chemicals & Petrochemicals,Carbon Black,84.05301410859342,True,True,33457.41,810.01,12215506.0,2.421,34.2,47.1,51.5,78.7,50.0,59.09090909090909,watch — approaching pivot,unknown,1.0,51.3,C
130,SPECTRUM.NS,2026-07-13,2005.5,1897.9083353678386,1708.8583272298176,1608.7919970703124,1376.1039957682292,1373.5614971923828,1909.8486422431274,1050.0,2200.0,True,True,True,True,True,True,True,True,False,33.344414893617014,noise,95.78521306922009,False,False,False,False,,Industrial Manufacturing,Industrial Products,85.59213339033775,True,True,3151.41,7.15,35628.0,0.2267,56.4,49.7,68.0,76.3,0.0,56.81818181818182,extended,unknown,1.0,51.1,C
131,PHOENIXLTD.NS,2026-07-13,2154.0,2035.6749979654949,1877.5972188313801,1848.842001953125,1770.4846671549478,1746.378002319336,2060.3733699123795,1400.2525431951217,2163.39990234375,True,True,True,True,True,True,True,True,False,39.23570619268448,green,197.1273824102307,False,False,True,False,,Realty,"Residential, Commercial Projects",88.24283882000856,True,True,77035.76,120.89,561256.0,0.1569,72.6,61.6,57.5,99.1,0.0,13.636363636363635,extended,unknown,1.0,51.1,C
132,KSB.NS,2026-07-13,943.1500244140625,940.7124989827474,874.4916636149088,868.864072265625,809.2611405436198,801.6912399291992,935.1356577522909,663.373535570316,1023.2461180887996,True,True,True,True,True,True,True,True,False,14.677350492841356,noise,51.39321775477501,False,False,False,False,,Industrial Products,"Compressors, Pumps & Diesel Engines",76.52843095339888,True,True,16414.51,23.61,250290.0,0.1438,35.2,42.0,77.5,78.3,50.0,27.27272727272727,watch — approaching pivot,unknown,1.0,50.4,C
133,THERMAX.NS,2026-07-13,4663.5,4830.1331787109375,4758.347303602431,4660.520126953125,3674.6244173177083,3533.7517236328126,4761.334225874985,2731.5439342301706,5256.332008959298,True,True,True,True,True,True,True,False,False,35.588434921697186,noise,40.46883532655785,False,False,False,False,,Electrical Equipment,Heavy Electrical Equipment,86.57545959811885,True,True,52533.71,149.61,320820.0,0.2848,38.7,38.8,42.0,71.4,50.0,72.72727272727273,watch — approaching pivot,unknown,1.0,50.0,C
134,PANAMAPET.NS,2026-07-13,419.20001220703125,421.30416615804035,390.90277693006726,366.31700012207034,309.4938665771484,303.0536502075195,423.66290003790544,229.0,512.0499877929688,True,True,True,True,True,True,True,False,False,21.431254411783552,dry,9.432967354419898,False,False,False,False,,Petroleum Products,Lubricants,80.76100897819582,True,True,2535.89,28.09,670083.0,1.1077,45.1,50.0,72.5,57.7,50.0,22.727272727272727,watch — approaching pivot,unknown,1.0,49.9,C
135,IFCI.NS,2026-07-13,76.45999908447266,76.03583335876465,76.68527793884277,72.66140007019042,61.343066635131834,59.70164993286133,76.50952143055608,46.22999954223633,95.80000305175781,True,True,True,True,True,True,True,False,False,23.841912869820646,dry,19.41938681029897,False,False,False,False,,Finance,Financial Institution,81.65882855921333,True,True,20600.73,447.25,58494056.0,2.171,38.2,50.9,54.5,54.0,50.0,52.27272727272727,watch — approaching pivot,unknown,1.0,49.5,C
136,J&KBANK.NS,2026-07-13,182.60000610351562,166.3275006612142,157.06277804904514,150.92800018310547,124.46713353474935,119.769100151062,171.2072900630513,97.3499984741211,201.75,True,True,True,True,True,True,True,True,False,65.83520460568582,red,223.49216342175677,False,True,False,False,,Banks,Private Sector Bank,94.27105600684052,True,True,20107.59,87.59,4796621.0,0.4356,64.5,61.4,55.0,75.0,0.0,36.36363636363637,extended,unknown,1.0,49.5,C
137,SIS.NS,2026-07-13,434.54998779296875,429.0791651407878,421.4902759128147,412.8359991455078,348.2665098063151,343.3747579956055,431.12675890479983,257.04998779296875,480.95001220703125,True,True,True,True,True,True,True,True,False,19.757003021566778,noise,29.965239837922386,False,False,False,False,,Other Consumer Services,Other Consumer Services,79.60666951688756,True,True,6140.22,13.8,317467.0,0.2247,24.0,67.5,77.0,74.7,50.0,4.545454545454546,watch — approaching pivot,unknown,1.0,49.3,C
138,TIPSMUSIC.NS,2026-07-13,713.75,673.6166687011719,660.3305511474609,657.3999975585938,582.5774723307292,568.6494155883789,686.5252208637287,478.56920878389656,726.75,True,True,True,True,True,True,True,True,False,13.043697653967822,noise,77.3341132518238,False,True,True,False,,Entertainment,Media & Entertainment,75.58785805899957,True,True,9123.98,31.53,441724.0,0.3456,39.0,67.5,47.5,96.4,49.8,2.272727272727273,actionable,unknown,1.0,49.2,C
139,ZYDUSWELL.NS,2026-07-13,592.6500244140625,574.9416707356771,528.2430555555555,521.9009985351563,465.20499959309893,463.9249998474121,574.8820152605448,367.54998779296875,606.9500122070312,True,True,True,True,True,True,True,True,False,45.820141035877995,noise,46.46805646660397,False,False,False,False,,Food Products,Packaged Foods,90.33775117571612,True,True,18855.59,76.4,1289181.0,0.4052,55.7,52.9,67.7,89.3,0.0,29.545454545454547,extended,unknown,1.0,49.1,C
140,SANSTAR.NS,2026-07-13,113.5199966430664,117.85999997456868,116.6994440290663,112.77359954833985,96.35346638997396,95.74894981384277,116.12055839786308,74.30000305175781,137.49000549316406,True,True,True,True,True,True,True,False,False,18.126949475068276,dry,8.869450661846738,False,False,False,False,,Agricultural Food & other Products,Other Agricultural Products,78.70884993587003,True,True,2273.45,12.12,1067864.0,0.5332,20.3,65.4,74.5,59.1,50.0,25.0,watch — approaching pivot,unknown,1.0,48.9,C
141,SUVEN.NS,2026-07-13,359.54998779296875,311.6166687011719,280.5822236802843,267.02920104980467,196.44466735839845,195.4683507537842,324.68431663047613,124.11000061035156,371.0,True,True,True,True,True,True,True,True,False,36.75781932400739,noise,55.17689630998216,False,False,True,False,,Healthcare Services,"Healthcare Research, Analytics & Technology",86.87473279179136,True,True,10159.54,68.07,1893230.0,0.67,60.3,59.2,48.8,93.8,0.0,31.818181818181817,extended,unknown,1.0,48.7,C
142,GHCLTEXTIL.NS,2026-07-13,109.7699966430664,104.04416529337566,97.99933242797852,95.5344140625,82.70573811848958,81.24817550659179,105.83918013290705,64.84792129679248,113.19000244140625,True,True,True,True,True,True,True,True,False,17.930487290592833,green,115.50377946869507,False,False,False,False,,Textiles & Apparels,Other Textile Products,78.62334330910645,True,True,1049.25,6.55,596887.0,0.6245,34.8,54.2,74.5,88.0,0.0,45.45454545454545,extended,unknown,1.0,48.6,C
143,KRN.NS,2026-07-13,1224.4000244140625,1225.2250061035156,1195.500003390842,1190.9019995117187,968.0946651204428,931.7684997558594,1222.050565228699,589.7999877929688,1405.0,True,True,True,True,True,True,True,True,False,33.602488745175954,noise,25.915719367065392,False,True,False,False,,Industrial Products,Other Industrial Products,85.67764001710133,True,True,8014.74,66.75,545205.0,0.8329,36.6,67.5,43.7,68.3,50.0,27.27272727272727,watch — approaching pivot,unknown,1.0,48.5,C
144,MACPOWER.NS,2026-07-13,1347.0,1352.9291687011719,1145.179172092014,1150.611005859375,1021.0803340657552,982.8137506103516,1342.5744317912206,761.0,1470.0,True,True,True,True,True,True,True,True,False,37.10726004883844,noise,28.028049375721526,False,False,False,False,,Industrial Manufacturing,Industrial Products,87.04574604531852,True,True,1347.56,6.18,45888.0,0.4587,59.8,40.2,55.4,77.3,0.0,56.81818181818182,extended,unknown,1.0,47.8,C
145,RAMRAT.NS,2026-07-13,423.95001220703125,408.9833297729492,408.4333326551649,415.37599975585937,353.7268322753906,343.4791241455078,412.27512568006955,268.0,520.0,True,True,True,True,True,True,True,True,True,30.294203162252554,noise,67.74864211710673,False,False,False,False,,Electrical Equipment,Other Electrical Equipment,84.0957674219752,True,True,3957.53,13.25,312553.0,0.3348,32.9,38.3,39.5,57.1,50.0,72.72727272727273,watch — approaching pivot,unknown,1.0,46.6,C
146,PTCIL.NS,2026-07-13,17687.0,17440.333333333332,17729.86111111111,17399.5,17387.6,17265.715,17511.218135081515,13251.0,19851.0,True,True,True,True,True,True,True,True,False,18.776442146262838,noise,32.88522111949725,False,False,False,False,,Industrial Products,Castings & Forgings,79.17913638306969,True,True,26517.32,37.53,21218.0,0.1415,37.6,57.5,39.7,72.2,50.0,27.27272727272727,watch — approaching pivot,unknown,1.0,46.4,C
147,UNIVCABLES.NS,2026-07-13,1164.199951171875,1171.2749938964844,1194.8638882107205,1150.1189953613282,893.5766646321615,865.2319973754883,1155.689116938363,576.0,1391.0,True,True,True,True,True,True,True,True,False,48.24441803876174,noise,31.978132438458434,False,False,False,False,,Industrial Products,Cables - Electricals,90.93629756306115,True,True,4039.24,34.89,299730.0,0.8639,48.9,38.8,52.5,61.4,50.0,27.27272727272727,watch — approaching pivot,unknown,1.0,45.9,C
148,PARACABLES.NS,2026-07-13,65.98999786376953,69.10750007629395,67.41666656070285,63.70279991149902,45.11640004475912,44.42570003509522,68.02284157571887,28.299999237060547,75.69999694824219,True,True,True,True,True,True,True,False,False,12.189728334147244,dry,19.284712585733992,False,False,False,False,,Industrial Products,Cables - Electricals,74.98931167165456,True,True,2159.24,25.91,3926627.0,1.2,11.6,57.5,66.5,68.3,50.0,27.27272727272727,watch — approaching pivot,unknown,1.0,45.6,C
149,NESTLEIND.NS,2026-07-13,1427.0,1435.6118469238281,1409.72215101454,1419.9453515625,1321.103614908854,1297.8833770751953,1439.01626925517,1073.7134985462399,1490.932996739044,True,True,True,True,True,True,True,False,False,18.757830001946463,red,112.51232834287038,False,False,False,False,,Food Products,Packaged Foods,79.1363830696879,True,True,275170.45,306.03,2144566.0,0.1112,23.3,55.4,39.6,85.4,50.0,29.545454545454547,watch — approaching pivot,unknown,1.0,45.0,C
150,SOLARINDS.NS,2026-07-13,18156.0,18187.916666666668,18064.86111111111,17727.9,14868.906666666666,14603.045,18109.113866548963,11646.0,18972.0,True,True,True,True,True,True,True,True,False,9.963054933074922,noise,62.18646932094729,False,False,False,False,,Chemicals & Petrochemicals,Explosives,73.83497221034631,True,True,164293.74,302.67,166704.0,0.1842,8.9,38.8,45.8,85.4,50.0,59.09090909090909,watch — approaching pivot,unknown,1.0,44.4,C
151,MANINDS.NS,2026-07-13,562.4500122070312,572.9333343505859,553.6458290947808,552.2479974365234,456.5159991455078,445.7154997253418,569.4214892524755,302.04998779296875,623.7000122070312,True,True,True,True,True,True,True,False,False,32.998349568362805,dry,19.317481493581067,False,False,False,False,,Industrial Products,Iron & Steel Products,85.29286019666525,True,True,4218.91,43.33,770443.0,1.0271,35.7,38.8,49.2,74.4,50.0,27.27272727272727,watch — approaching pivot,unknown,1.0,44.3,C
152,IKS.NS,2026-07-13,1903.4000244140625,1823.0083312988281,1720.736107720269,1702.077998046875,1600.8680021158855,1595.4419989013672,1848.0105959251011,1262.0,1933.0,True,True,True,True,True,True,True,True,False,18.60667787267234,noise,58.11250000107739,False,True,False,False,,IT - Services,IT Enabled Services,78.96536981616076,True,True,31929.25,59.3,311574.0,0.1857,34.0,71.0,52.5,90.9,0.0,6.8181818181818175,extended,unknown,1.0,42.4,C
153,INGERRAND.NS,2026-07-13,4444.39990234375,4413.612630208333,4292.395514594184,4317.866245117188,3864.761533203125,3851.0609912109376,4407.169281468031,3049.5386808320995,4734.8339275732305,True,True,True,True,True,True,True,True,False,11.549263634715867,noise,31.98494431660526,False,False,False,False,,Industrial Products,"Compressors, Pumps & Diesel Engines",74.86105173150919,True,True,14030.08,11.33,25487.0,0.0807,14.9,37.7,48.4,81.7,50.0,27.27272727272727,watch — approaching pivot,unknown,1.0,40.6,C
