symbol,date,close,MA12,MA36,MA50,MA150,MA200,EMA10,52w_low,52w_high,cond1_price_above_150_200,cond2_ma150_above_ma200,cond3_ma200_trending_up_1m,cond4_ma50_above_150_200,cond5_price_above_ma50,cond6_30pct_above_52w_low,cond7_within_25pct_52w_high,cond9_price_above_ema10,fresh_ma12_cross_today,12m_return_pct,volume_signal,relative_volume,bull_snort,inside_bar,is_52w_high,is_52w_low,name,industry_group,industry,rs_percentile,cond8_rs_at_least_70,all_conditions_met
542155.BO,2026-08-10,0.9800000190734863,1.0383333265781403,1.051111102104187,1.0659999990463256,1.274733334382375,1.4819000029563905,1.0216182824342956,0.9800000190734863,3.7899999618530273,False,False,False,False,False,False,False,False,False,-72.85318427834821,red,109.1703056768559,False,False,False,True,Diksha Greens,Commercial Services & Supplies,Trading & Distributors,6.696428571428571,False,False
543400.BO,2026-08-10,2.430000066757202,2.509999990463257,2.582777784930335,2.6674000024795532,3.6601333379745484,4.106000007390976,2.5308051818706203,2.309999942779541,8.600000381469727,False,False,False,False,False,False,False,False,False,-71.74418652360666,red,501.5673981191223,False,False,False,False,Omnipotent,Petroleum Products,Refineries & Marketing,7.5892857142857135,False,False
538765.BO,2026-08-10,2.4600000381469727,2.466666658719381,3.026111112700568,3.8257999992370606,6.299733266830445,6.319749982357025,2.479112222534385,2.240000009536743,8.239999771118164,False,False,False,False,False,False,False,False,False,-59.73813446167622,dry,0.0,False,False,False,False,JLA Infraville,Retailing,Internet & Catalogue Retail,14.285714285714285,False,False
543613.BO,2026-08-10,5.0,5.368333299954732,5.338888949818081,5.580000047683716,6.487000017166138,7.52664999961853,5.354017746354104,4.5,16.0,False,False,False,False,False,False,False,False,False,-67.29888808061162,noise,53.475935828877006,False,False,False,True,Mafia Trends,Retailing,Speciality Retail,9.375,False,False
JALAN.NS,2026-08-10,1.649999976158142,1.625,1.8750000198682149,1.9530000162124634,2.3646666693687437,2.587750000357628,1.6566311324906486,1.5,7.099999904632568,False,False,False,False,False,False,False,False,False,-76.76056340392964,noise,56.17977528089888,False,False,False,False,Jalan Transol.,Transport Services,Logistics Solution Provider,5.803571428571429,False,False
539026.BO,2026-08-10,7.420000076293945,7.9533335367838545,8.304444630940756,8.840400085449218,10.006800130208333,9.764550070762635,7.781480056164032,4.5,10.59000015258789,False,True,False,False,False,True,False,False,False,18.530348322675838,noise,625.0,False,False,False,False,SSPN FINANCE,Finance,Other Financial Services,91.07142857142857,True,False
535917.BO,2026-08-10,4.400000095367432,3.849999964237213,4.035555587874518,4.168400087356567,4.4022667026519775,4.569450001716614,3.9175259204479995,3.299999952316284,5.28000020980835,False,False,False,False,True,True,True,True,False,8.374388112801823,green,714.2857142857143,False,False,False,False,GCM Commodity,Finance,Other Financial Services,85.71428571428571,True,False
539099.BO,2026-08-10,4.010000228881836,3.7750001351038613,3.485277818308936,3.660800046920776,4.004666687647502,4.293400020599365,3.8367249246369957,2.930000066757202,8.9399995803833,False,False,False,False,True,True,False,True,False,-46.53333028157552,dry,0.0,False,False,False,False,Athena Construc.,Realty,"Residential, Commercial Projects",31.69642857142857,False,False
537582.BO,2026-08-10,1.2000000476837158,1.3300000031789143,1.3630555603239272,1.3620000028610229,1.483200004895528,1.591300002336502,1.2994752567084344,1.1200000047683716,2.799999952316284,False,False,False,False,False,False,False,False,False,-38.46153752103126,red,762.7118644067797,False,False,False,True,Unishire Urban,Realty,"Residential, Commercial Projects",43.30357142857143,False,False
543536.BO,2026-08-10,5.0,4.74916656812032,4.5863888131247625,4.692199983596802,5.932466618220011,6.748099935054779,4.824680175053183,4.210000038146973,9.649999618530273,False,False,False,False,True,False,False,True,False,-42.72622838283482,dry,0.0,False,False,False,False,Silver Pearl,Leisure Services,Hotels & Resorts,35.714285714285715,False,False
537573.BO,2026-08-10,8.399999618530273,7.682499845822652,9.506666633817884,10.246400012969971,14.354666748046874,14.877550077438354,8.16580326836997,6.699999809265137,20.309999465942383,False,False,False,False,False,False,False,True,False,-38.50659068549217,noise,70.4225352112676,False,False,False,False,Polymac Thermof.,Industrial Products,Plastic Products - Industrial,42.857142857142854,False,False
538731.BO,2026-08-10,4.090000152587891,4.090000152587891,4.14555565516154,4.127200050354004,4.301600000063578,4.505950018167495,4.097275398460759,3.0799999237060547,6.599999904632568,False,False,False,False,False,True,False,False,False,-29.238754253894662,dry,0.0,False,False,False,False,Hanman Fit,Leisure Services,Amusement Parks/ Other Recreation,56.25,False,False
543366.BO,2026-08-10,53.0,48.64416631062826,44.71555550893148,43.959199829101564,40.45986661275228,40.516999893188476,49.948008868832886,30.549999237060547,54.5,True,False,True,True,True,True,True,True,False,43.24324324324324,dry,0.0,False,False,True,False,SBL Infratech,Realty,"Residential, Commercial Projects",95.08928571428571,True,False
544156.BO,2026-08-10,10.899999618530273,10.070833206176758,11.463611099455091,11.791000022888184,14.831533311208089,16.481999983787535,10.500198013108182,9.029999732971191,28.350000381469727,False,False,False,False,False,False,False,True,False,-51.727193731800256,noise,62.5,False,False,False,False,Gconnect Logitec,Transport Services,Logistics Solution Provider,22.321428571428573,False,False
PERFECT.NS,2026-08-10,8.100000381469727,8.100000381469727,8.100000381469727,8.100000381469727,8.100000381469727,8.100000381469727,8.100000381469728,7.699999809265137,8.399999618530273,False,False,False,False,False,False,True,False,False,0.0,dry,,False,False,True,True,Perfect Infraeng,Electrical Equipment,Other Electrical Equipment,83.48214285714286,True,False
544173.BO,2026-08-10,12.489999771118164,12.268333196640015,14.474999984105429,16.389999904632568,16.5428665860494,17.5617499256134,12.41322172299488,10.369999885559082,35.5,False,False,False,False,False,False,False,True,False,-58.887425555797826,noise,167.5977653631285,False,False,False,False,Finelistings Tec,Retailing,E-Retail/ E-Commerce,16.517857142857142,False,False
543500.BO,2026-08-10,1.840000033378601,1.809166669845581,2.127222223414315,2.315199997425079,2.8663333296775817,3.1299999958276747,1.851692762633331,1.6299999952316284,6.110000133514404,False,False,False,False,False,False,False,False,False,-51.32275007128905,noise,49.944506104328525,False,True,False,False,Evoq Remedies,Commercial Services & Supplies,Trading & Distributors,22.767857142857142,False,False
543798.BO,2026-08-10,2.0999999046325684,2.1158333122730255,2.185833324988683,2.248399999141693,2.377799999713898,2.7072499984502794,2.1461186716935563,1.4199999570846558,9.920000076293945,False,False,False,False,False,True,False,False,False,-62.50000106436868,dry,0.0,False,False,False,False,Patron Exim,Chemicals & Petrochemicals,Trading - Chemicals,12.053571428571429,False,False
543579.BO,2026-08-10,2.609999895095825,2.609999895095825,2.614166557788849,2.5821999216079714,2.850933322906494,3.0315499913692476,2.6100554026390954,2.1700000762939453,5.599999904632568,False,False,False,False,True,False,False,False,False,-34.4221135028182,dry,0.0,False,False,False,False,Naturo Indiabull,Personal Products,Personal Care,47.767857142857146,False,False
542025.BO,2026-08-10,0.3199999928474426,0.3124999975164731,0.3058333338962661,0.31160000085830686,0.35513333320617674,0.3700499993562698,0.3164884872296812,0.27000001072883606,0.5099999904632568,False,False,False,False,True,False,False,True,False,-33.333333333333336,noise,59.28853754940712,False,False,False,False,Sun Retail,Commercial Services & Supplies,Trading & Distributors,50.0,False,False
543541.BO,2026-08-10,11.529999732971191,12.55666677157084,13.926111194822523,14.13440008163452,16.164000034332275,16.883000025749208,12.35780582308167,11.430000305175781,20.0,False,False,False,False,False,False,False,False,False,-19.707520831242743,red,833.3333333333334,False,False,False,True,Sailani Tours N,Leisure Services,"Tour, Travel Related Services",66.96428571428571,False,False
534659.BO,2026-08-10,5.699999809265137,5.699999809265137,5.594444354375203,5.567999935150146,5.289333257675171,5.151199905872345,5.693399774664946,4.510000228881836,5.699999809265137,True,True,True,True,True,False,True,True,False,9.615384968074835,dry,0.0,False,False,True,False,Jointeca Educati,IT - Software,Computers - Software & Consulting,86.60714285714286,True,False
541299.BO,2026-08-10,6.820000171661377,7.544999996821086,7.722777750757006,8.14119999885559,12.394315055211385,14.611036269664764,7.418963273604678,6.460000038146973,28.700000762939453,False,False,False,False,False,False,False,False,False,-64.42357775420594,red,214.47721179624665,False,False,False,False,Dr Lalchand. Lab,Healthcare Services,Healthcare Service Provider,10.267857142857142,False,False
538319.BO,2026-08-10,3.680000066757202,3.784999966621399,3.929444385899438,3.931799931526184,3.989999968210856,4.297499995231629,3.750360883799096,3.190000057220459,5.670000076293945,False,False,False,False,False,False,False,False,False,-15.402295461244597,dry,0.0,False,False,False,False,GCM Capital,Finance,Other Financial Services,72.76785714285714,True,False
543804.BO,2026-08-10,16.979999542236328,16.21000011761983,16.05750009748671,16.834600067138673,18.595466740926106,19.02560001373291,16.112716063011348,12.789999961853027,22.799999237060547,False,False,False,False,True,True,False,True,True,22.158273440526322,green,178.57142857142858,False,False,False,False,Amanaya Ventures,Non - Ferrous Metals,Precious Metals,92.85714285714286,True,False
543545.BO,2026-08-10,0.49000000953674316,0.5108333230018616,0.5405555483367708,0.552799997329712,0.6401333351929982,0.6841500005126,0.5054536026157084,0.46000000834465027,1.0800000429153442,False,False,False,False,False,False,False,False,False,-46.15384665768929,noise,94.7867298578199,False,False,False,True,Veerkrupa Jewel,Consumer Durables,"Gems, Jewellery And Watches",32.142857142857146,False,False
WINNY.NS,2026-08-10,30.600000381469727,32.2416664759318,36.82361094156901,37.61299964904785,46.802000020345055,52.76950002670288,31.728663407384765,30.600000381469727,83.5999984741211,False,False,False,False,False,False,False,False,False,-61.67814531469653,dry,0.0,False,False,False,True,Winny Immigratio,Leisure Services,"Tour, Travel Related Services",12.5,False,False
544188.BO,2026-08-10,10.149999618530273,10.149999618530273,9.761110782623291,9.57539981842041,10.689199879964193,11.443099908828735,10.123743722372975,8.5,17.350000381469727,False,False,False,False,True,False,False,True,False,-30.669403138643723,dry,0.0,False,False,False,False,Magenta Life,Consumer Durables,"Furniture, Home Furnishing",53.57142857142857,False,False
544056.BO,2026-08-10,23.0,21.394999821980793,22.90722221798367,21.655199813842774,20.551333230336507,25.506750102043153,21.943228626916913,15.260000228881836,46.0,False,False,False,False,True,True,False,True,False,-20.68965517241379,dry,0.0,False,False,False,False,Sahara Maritime,Transport Services,Logistics Solution Provider,65.17857142857143,False,False
543617.BO,2026-08-10,17.5,17.928332646687824,20.58055528004964,21.368999824523925,28.117133140563965,29.243700017929076,17.989846571221698,17.5,34.45000076293945,False,False,False,False,False,False,False,False,False,-48.224850902328285,dry,0.0,False,False,False,True,Reetech Intl,Consumable Fuels,Trading - Coal,28.57142857142857,False,False
538667.BO,2026-08-10,7.239999771118164,7.461666504542033,7.794722292158339,7.855000114440918,7.243333431879679,7.090900065898896,7.398548561532887,5.0,8.779999732971191,False,True,True,True,False,True,True,False,False,-11.707317810694018,dry,0.0,False,False,False,False,Sirohia & Sons,Commercial Services & Supplies,Trading & Distributors,76.33928571428571,True,False
543209.BO,2026-08-10,18.799999237060547,21.044999758402508,21.651944372389053,22.27699996948242,25.84733331044515,27.400000009536743,20.495209817136526,17.110000610351562,42.79999923706055,False,False,False,False,False,False,False,False,False,-36.24957821982474,noise,41.66666666666667,False,False,False,True,Billwin Indust.,Diversified,Diversified,45.535714285714285,False,False
RITEZONE.NS,2026-08-10,19.100000381469727,19.28333330154419,20.861110899183487,19.924999923706054,20.020999832153322,21.207249879837036,19.44176933213609,13.800000190734863,36.54999923706055,False,False,False,False,False,True,False,False,False,-36.96369352343704,dry,0.0,False,False,False,False,Rite Zone,Chemicals & Petrochemicals,Specialty Chemicals,45.089285714285715,False,False
PLADAINFO.NS,2026-08-10,10.0,10.412499825159708,11.140277624130249,11.2279998588562,11.668999977111817,12.7762500333786,10.348627299502857,9.100000381469727,24.75,False,False,False,False,False,False,False,False,False,-59.5959595959596,dry,0.0,False,False,False,False,Plada Infotech S,Commercial Services & Supplies,Business Process Outsourcing (BPO)/ Knowledge Process Outsourcing (KPO),15.178571428571427,False,False
INDIFRA.NS,2026-08-10,11.949999809265137,11.69166644414266,12.11944415834215,12.51899974822998,13.298333269755046,13.999499983787537,11.757996386183164,11.399999618530273,20.799999237060547,False,False,False,False,False,False,False,True,False,-23.151127571141195,dry,0.0,False,False,False,False,Indifra Ltd,Gas,Gas Transmission/Marketing,61.60714285714286,False,False
540681.BO,2026-08-10,8.59000015258789,8.396666844685873,9.297222349378798,9.189800109863281,11.335733372370402,15.837550027370453,8.51284122012121,7.900000095367432,46.65999984741211,False,False,False,False,False,False,False,True,False,-80.76147847921311,dry,0.0,False,False,False,False,Chothani Foods,Food Products,Packaged Foods,3.571428571428571,False,False
543377.BO,2026-08-10,7.289999961853027,10.089166522026062,12.135555466016134,12.279799966812133,12.80200011253357,13.356150071620942,9.017883716720792,6.400000095367432,15.5,False,False,False,False,False,False,False,False,False,-51.07382450676795,noise,71.1864406779661,False,True,False,False,AFLOAT Enterpris,Industrial Products,Iron & Steel Products,23.214285714285715,False,False
538794.BO,2026-08-10,7.559999942779541,7.7224998871485395,8.016388813654581,9.060599918365478,13.21613343556722,13.481950101852417,7.660068265292306,7.559999942779541,20.299999237060547,False,False,False,False,False,False,False,False,False,-62.75861957187821,dry,0.0,False,False,False,True,Jet Solar,Realty,"Residential, Commercial Projects",11.160714285714286,False,False
544190.BO,2026-08-10,15.25,16.49750026067098,16.748333401150173,17.055800170898436,17.745266653696696,17.582999968528746,16.22723620378224,14.449999809265137,25.100000381469727,False,True,False,False,False,False,False,False,False,-35.78947368421053,dry,0.0,False,False,False,False,3C IT Solutions,IT - Services,IT Enabled Services,46.42857142857143,False,False
VERITAAS.NS,2026-08-10,33.29999923706055,34.816665967305504,36.88194433848063,38.92599967956543,47.717999954223636,50.489749908447266,34.513997914330055,33.099998474121094,74.9000015258789,False,False,False,False,False,False,False,False,False,-55.48128625874703,dry,0.0,False,False,False,True,Veritaas Adver.,Media,Advertising & Media Agencies,18.75,False,False
543460.BO,2026-08-10,36.900001525878906,40.42000071207682,47.071389516194664,52.338800048828126,70.20846682230632,85.3843502998352,40.07947996279181,36.900001525878906,134.5,False,False,False,False,False,False,False,False,False,-72.56505462759932,dry,0.0,False,False,False,True,Quality RO Indu.,Industrial Manufacturing,Industrial Products,7.142857142857142,False,False
542146.BO,2026-08-10,8.59000015258789,7.81333343187968,8.064166651831734,8.981800003051758,10.784600098927816,11.78055006980896,7.992263412380154,6.230000019073486,64.5,False,False,False,False,False,True,False,True,False,-86.51914628369948,dry,0.0,False,False,False,False,Sh. Krish. Infr.,Realty,"Residential, Commercial Projects",1.3392857142857142,False,False
542592.BO,2026-08-10,16.530000686645508,15.119166612625122,15.55444433954027,17.472399997711182,18.1003999710083,19.750899953842165,15.406881331213407,12.800000190734863,102.0,False,False,False,False,False,False,False,True,False,-82.41489288654734,green,109.8901098901099,False,False,False,False,Humming Bird Edu,Other Consumer Services,Education,2.6785714285714284,False,False
ISHAN.NS,2026-08-10,0.5,0.47083332637945813,0.5250000043047799,0.5490000069141387,0.6356666648387909,0.6802500006556511,0.47757642503684217,0.44999998807907104,1.0,False,False,False,False,False,False,False,True,False,-47.36842039219229,noise,88.96797153024912,False,False,False,False,Ishan Internat.,Industrial Manufacturing,Industrial Products,30.357142857142854,False,False
543475.BO,2026-08-10,69.6500015258789,71.17083549499512,86.16666836208768,96.18400177001953,130.56000071207683,135.57499965667725,70.946162915511,37.34000015258789,168.0,False,False,False,False,False,True,False,False,False,45.104169845581055,dry,0.0,False,False,False,False,Ekennis Software,IT - Services,IT Enabled Services,95.98214285714286,True,False
544094.BO,2026-08-10,32.599998474121094,29.057500044504803,29.07972213957045,30.17180004119873,32.880800018310545,36.00605009078979,30.456447841611723,22.530000686645508,59.95000076293945,False,False,False,False,True,True,False,True,False,-39.62963245533131,red,114.94252873563218,False,False,False,False,Euphoria Infotec,IT - Services,IT Enabled Services,40.625,False,False
543516.BO,2026-08-10,6.150000095367432,5.810833374659221,5.289722257190281,5.155800018310547,6.337733338673909,7.111600008010864,5.888619121372918,4.260000228881836,12.970000267028809,False,False,False,False,True,True,False,True,False,-50.721151274454336,noise,36.674816625916876,False,False,False,False,Dhyaani Trade,Commercial Services & Supplies,Trading & Distributors,23.660714285714285,False,False
534708.BO,2026-08-10,8.609999656677246,8.764166673024496,8.8702777756585,8.976400051116944,8.628333346048992,8.573700003623962,8.850193351157284,6.809999942779541,11.75,False,True,False,True,False,False,False,False,False,-16.000003349490278,dry,0.0,False,False,False,False,Shanti Guru Inds,Retailing,Diversified Retail,72.32142857142857,True,False
539864.BO,2026-08-10,,,,,,,,,,False,False,False,False,False,False,False,False,False,,noise,,False,False,True,True,Ghushine Fintrra,Textiles & Apparels,Other Textile Products,,False,False
DHTL.NS,2026-08-10,35.0,35.04166730244955,37.15277777777778,38.93199996948242,46.82499936421712,58.49099954605103,34.618217412757545,30.649999618530273,125.19999694824219,False,False,False,False,False,False,False,True,False,-29.07801199152248,green,121.95121951219512,False,False,False,False,Docmode Health,Other Consumer Services,E-Learning,56.69642857142857,False,False
542850.BO,2026-08-10,8.34000015258789,7.801666617393494,8.081666588783264,8.270999937057494,8.478200012842814,9.556949989795685,7.926195225331476,5.949999809265137,21.940000534057617,False,False,False,False,True,True,False,True,False,-51.87535955392916,green,147.05882352941177,False,False,False,False,Goblin India,Consumer Durables,"Gems, Jewellery And Watches",21.428571428571427,False,False
538496.BO,2026-08-10,8.539999961853027,7.849166591962178,8.09333332379659,8.191599988937378,8.60846667289734,9.54265002965927,8.054315578788469,6.010000228881836,15.369999885559082,False,False,False,False,True,True,False,True,False,-38.64942589765622,dry,0.0,False,False,False,False,Tarini Internat.,Commercial Services & Supplies,Consulting Services,41.964285714285715,False,False
542446.BO,2026-08-10,3.9000000953674316,3.8441666960716248,3.501944455835554,3.496400008201599,3.827481449445089,4.658122078180313,3.9150615459416738,2.5,8.912172860722551,False,False,False,False,True,True,False,False,False,-51.76845607504854,red,119.8083067092652,False,False,False,False,Jonjua Overseas,Commercial Services & Supplies,Consulting Services,21.875,False,False
SAROJA.NS,2026-08-10,29.350000381469727,29.65416669845581,31.23888895246718,31.62800006866455,32.9426665242513,35.075000038146975,29.470422576720075,28.0,60.0,False,False,False,False,False,False,False,False,False,-18.01675696382058,ppv,1090.9090909090908,False,True,False,False,Saroja Pharma In,Chemicals & Petrochemicals,Specialty Chemicals,69.19642857142857,False,False
544015.BO,2026-08-10,31.0,31.690833409627277,31.89500003390842,32.2268000793457,40.37779998779297,42.74040002822876,31.773567536625432,28.079999923706055,70.75,False,False,False,False,False,False,False,False,False,-52.23420759452719,red,198.01980198019803,False,False,False,False,Mish Designs,Textiles & Apparels,Garments & Apparels,20.982142857142858,False,False
SHANTHALA.NS,2026-08-10,17.25,17.774999777475994,21.39722230699327,21.88600009918213,26.767666702270507,27.821500005722047,18.083080277440907,17.049999237060547,46.900001525878906,False,False,False,False,False,False,False,False,False,-50.71428571428571,red,170.94017094017093,False,False,False,True,Shanthala FMCG,Cigarettes & Tobacco Products,Cigarettes & Tobacco Products,24.107142857142858,False,False
CBAZAAR.NS,2026-08-10,5.25,6.037500023841858,5.841666632228428,5.361999988555908,4.755666659673055,4.558499989509582,5.854925102284959,3.049999952316284,6.550000190734863,True,True,True,True,False,True,True,False,False,9.374995653828154,noise,39.682539682539684,False,False,False,False,Net Avenue,Retailing,E-Retail/ E-Commerce,86.16071428571429,True,False
MAKS.NS,2026-08-10,16.350000381469727,17.68749984105428,20.1888886557685,21.802999801635742,25.76099983215332,27.350999727249146,17.53520739550204,16.350000381469727,36.0,False,False,False,False,False,False,False,False,False,-42.22614550441959,red,625.0,False,False,False,True,Maks Energy,Industrial Products,"Compressors, Pumps & Diesel Engines",37.94642857142857,False,False
540756.BO,2026-08-10,11.880000114440918,12.835833390553793,17.790833393732708,20.551599979400635,25.677199840545654,26.31219982624054,12.941606342971744,11.829999923706055,29.799999237060547,False,False,False,False,False,False,False,False,False,-11.804009807481696,red,833.3333333333334,False,False,False,True,Kaarya Facilit.,Commercial Services & Supplies,Diversified Commercial Services,75.89285714285714,True,False
QUADPRO.NS,2026-08-10,2.4000000953674316,2.4000000953674316,2.38472228580051,2.3250000524520873,2.20233336130778,2.329500027894974,2.3996983460213714,1.850000023841858,3.450000047683716,True,False,False,False,True,False,False,True,False,-27.272723331924254,noise,333.33333333333337,False,False,False,False,Quadpro ITeS,IT - Services,IT Enabled Services,58.03571428571429,False,False
JIWANRAM.NS,2026-08-10,5.0,4.925000031789144,5.28333334128062,5.310000019073486,5.379333340326945,5.6842500114440915,4.967199254607615,4.349999904632568,10.449999809265137,False,False,False,False,False,False,False,True,False,-43.82022231113658,noise,35.46099290780142,False,False,False,False,Jiwanram Sheo,Industrial Products,Other Industrial Products,33.92857142857143,False,False
INSPIRE.NS,2026-08-10,9.050000190734863,9.275000095367432,8.702777836057875,8.99100004196167,10.08300004641215,10.881500008106231,9.111014165664718,6.800000190734863,22.549999237060547,False,False,False,False,True,True,False,False,False,-50.13773894796532,dry,0.0,False,False,False,False,Inspire Films,Entertainment,Media & Entertainment,25.44642857142857,False,False
540782.BO,2026-08-10,12.0,11.909166733423868,11.804722256130642,12.035600051879882,12.029466648101806,12.308799982070923,11.828292980756519,7.5,16.219999313354492,False,False,False,False,False,True,False,True,False,-14.468993382805218,dry,0.0,False,False,False,False,Sanghvi Brands,Leisure Services,Hotels & Resorts,73.66071428571429,True,False
SABAR.NS,2026-08-10,6.849999904632568,6.295833349227905,5.637500034438239,5.649000015258789,5.377333313624064,5.460249979496002,6.3888303370711474,3.950000047683716,9.550000190734863,True,False,False,True,True,True,False,True,False,48.91304449232856,noise,23.25581395348837,False,True,False,False,Sabar Flex India,Industrial Products,Packaging,96.875,True,False
543745.BO,2026-08-10,6.03000020980835,6.055000027020772,5.920277767711216,6.027799987792969,9.503266668319702,10.376699988842011,5.966394109084847,5.5,15.479999542236328,False,False,False,False,True,False,False,True,False,-40.05964256174354,noise,44.642857142857146,False,False,False,False,SVS Ventures,Realty,"Residential, Commercial Projects",39.732142857142854,False,False
540811.BO,2026-08-10,13.600000381469727,13.06333327293396,13.605277670754326,13.715799922943114,11.896866601308187,11.947799925804139,13.159945583636249,8.15999984741211,18.0,True,False,False,True,False,True,True,True,False,-19.526623145258593,ppv,1428.5714285714287,True,False,False,False,Diggi Multitrade,Commercial Services & Supplies,Trading & Distributors,67.85714285714286,False,False
543537.BO,2026-08-10,39.900001525878906,63.93083381652832,71.97694460550944,73.10340011596679,73.1918000793457,69.97495029449463,56.39628080496445,35.959999084472656,89.9000015258789,False,True,False,False,False,False,False,False,False,-48.701462905526164,red,2380.952380952381,False,False,False,True,Scarnose Inter.,Textiles & Apparels,Other Textile Products,27.67857142857143,False,False
543905.BO,2026-08-10,12.350000381469727,12.350000381469727,13.203055752648247,13.85340009689331,13.837800013224284,14.164650001525878,12.377318314670212,10.109999656677246,18.850000381469727,False,False,False,False,False,False,False,False,False,-21.186979442628186,dry,0.0,False,False,False,False,Innokaiz India,Media,Advertising & Media Agencies,63.39285714285714,False,False
538579.BO,2026-08-10,17.8799991607666,17.730833212534588,18.295277913411457,18.36580005645752,18.34653355916341,18.10595022678375,17.814321420169406,10.0,19.18000030517578,False,True,True,True,False,True,True,True,False,32.053169949341864,green,245.0980392156863,False,False,False,False,Zinema Media,Commercial Services & Supplies,Trading & Distributors,93.75,True,False
543651.BO,2026-08-10,24.459999084472656,24.22249921162923,23.836110432942707,23.71119934082031,20.86793305714925,21.16384979248047,24.316233559946422,12.010000228881836,25.399999618530273,True,False,True,True,True,True,True,True,False,14.656970121790946,dry,0.0,False,False,False,False,DAPS Advertising,Media,Advertising & Media Agencies,87.94642857142857,True,False
AMIABLE.NS,2026-08-10,73.0,71.62916501363118,74.7402752770318,75.6839974975586,74.0729997253418,72.8052495765686,72.21166829644368,52.5,97.5,False,True,True,True,False,True,False,True,False,-2.0134228187919434,green,483.8709677419355,False,False,False,False,Amiable Logistic,Transport Services,Logistics Solution Provider,81.25,True,False
539985.BO,2026-08-10,19.0,18.665833314259846,21.04527786042955,22.232400093078613,34.187466557820635,48.73810003280639,18.90218186342363,16.889999389648438,124.19999694824219,False,False,False,False,False,False,False,True,False,-78.82536577601516,dry,0.0,False,False,False,False,Titaanium Ten,Textiles & Apparels,Other Textile Products,4.910714285714286,False,False
543594.BO,2026-08-10,5.0,4.527499993642171,5.603888895776537,6.0611999893188475,8.909400018056234,10.990399971008301,4.696057978639456,3.9000000953674316,25.0,False,False,False,False,False,False,False,True,False,-76.58079667136847,dry,17.045454545454543,False,False,False,False,Dipna Pharmachem,Pharmaceuticals & Biotechnology,Pharmaceuticals,6.25,False,False
544168.BO,2026-08-10,27.010000228881836,27.86583360036214,28.998889287312824,29.52580017089844,31.017733421325683,32.79435008049011,27.725956353123138,24.020000457763672,48.0,False,False,False,False,False,False,False,False,False,-30.654686264906083,dry,0.0,False,False,False,False,Varyaa Creations,Consumer Durables,"Gems, Jewellery And Watches",54.01785714285714,False,False
543656.BO,2026-08-10,13.5,13.085833311080933,13.425000058280098,13.116800022125243,14.391800072987875,15.266400103569032,13.065174735783396,10.699999809265137,24.459999084472656,False,False,False,False,True,False,False,True,False,-42.553191489361694,green,197.36842105263156,False,False,False,False,Technopack Poly.,Consumer Durables,Plastic Products - Consumer,36.607142857142854,False,False
543521.BO,2026-08-10,5.239999771118164,5.25166670481364,5.25722238752577,5.186200141906738,7.840933485031128,8.118450129032135,5.24707646078391,3.819999933242798,11.199999809265137,False,False,False,False,True,True,False,False,False,-26.507718274713575,dry,0.0,False,False,False,False,Fone4 Communica.,Retailing,E-Retail/ E-Commerce,58.48214285714286,False,False
544025.BO,2026-08-10,71.0,70.16666666666667,70.05555555555556,70.26699981689453,71.37953297932943,73.78814964294433,70.33089958149841,68.0,93.9000015258789,False,False,False,False,True,False,True,True,False,-12.829953762776313,noise,172.41379310344826,False,False,False,False,Arrowhead Sepera,Industrial Manufacturing,Industrial Products,75.0,True,False
541799.BO,2026-08-10,12.350000381469727,12.069166898727417,11.464722209506565,11.457799873352052,10.77519992828369,10.268899946212768,12.172310713576811,7.909999847412109,14.539999961853027,True,True,True,True,True,True,True,True,False,-6.155011210746086,dry,0.0,False,False,False,False,Sungold Media,Media,Advertising & Media Agencies,78.57142857142857,True,True
543520.BO,2026-08-10,12.390000343322754,12.479999939600626,11.508055554495918,11.471400012969971,14.326866677602132,16.136000013351442,12.552974598141695,9.0,26.729999542236328,False,False,False,False,True,True,False,False,False,-43.681816621260204,red,821.5818516247701,False,False,False,False,Global Longlife,Healthcare Services,Hospital,34.82142857142857,False,False
MONOPHARMA.NS,2026-08-10,7.599999904632568,9.40833330154419,10.365277740690443,10.671999950408935,11.67,13.547999954223632,8.903095926527207,7.5,27.5,False,False,False,False,False,False,False,False,False,-68.72427924589554,red,348.2587064676617,False,False,False,True,Mono Pharmacare,Pharmaceuticals & Biotechnology,Pharmaceuticals,8.035714285714286,False,False
540269.BO,2026-08-10,11.199999809265137,10.166666507720947,8.196111016803318,7.819199905395508,8.681066621144613,9.010399928092957,10.525770129906835,6.849999904632568,11.5,True,False,False,False,True,True,True,True,False,1.8181800842285156,noise,178.57142857142858,False,False,False,False,Super Fine Knit.,Consumer Durables,"Gems, Jewellery And Watches",83.92857142857143,True,False
536710.BO,2026-08-10,26.0,26.237500031789143,23.640277597639297,22.90099979400635,24.78566635131836,25.71424976348877,25.90473094967999,17.299999237060547,32.0,True,False,False,False,True,True,True,True,False,-18.75,dry,0.0,False,False,False,False,SRG Fingrow Fin,Finance,Non Banking Financial Company (NBFC),68.30357142857143,False,False
539839.BO,2026-08-10,8.90999984741211,8.914999961853027,8.918333371480307,8.918800048828125,9.183733386993408,9.652800040245056,8.912999761977423,7.139999866485596,13.5,False,False,False,False,False,False,False,False,False,-32.95711156518478,dry,0.0,False,False,False,True,Franklin Leasing,Finance,Non Banking Financial Company (NBFC),51.33928571428571,False,False
536738.BO,2026-08-10,5.699999809265137,6.160833120346069,5.901388698154026,5.920599803924561,5.787799905141195,5.861799907684326,5.950769470051252,4.5,7.949999809265137,False,False,False,True,False,False,False,False,False,-5.000003178914392,dry,0.0,False,False,False,False,Stellar Capital,Finance,Other Financial Services,79.91071428571429,True,False
SMVD.NS,2026-08-10,14.600000381469727,14.600000381469727,13.594444672266642,13.022000217437744,11.071333389282227,9.975750052928925,14.562153456164953,5.599999904632568,14.600000381469727,True,True,True,True,True,True,True,True,False,46.000003814697266,dry,0.0,False,False,True,False,SMVD Poly Pack,Industrial Products,Plastic Products - Industrial,96.42857142857143,True,True
544101.BO,2026-08-10,77.0,78.07916641235352,86.70312605963812,86.62020339965821,76.8065283203125,79.26357181549072,78.18671295915169,63.488369549022,107.27123260498047,False,False,False,True,False,False,False,False,False,-17.468746202597586,dry,0.0,False,False,False,False,Brisk Technovisi,IT - Hardware,Computers Hardware & Equipments,69.64285714285714,False,False
540729.BO,2026-08-10,21.75,23.975000540415447,24.62333393096924,24.177600479125978,20.82560015996297,21.39155008792877,23.313871774446024,14.710000038146973,29.0,True,False,False,True,False,True,True,False,False,-15.105389197751473,dry,0.0,False,False,False,False,Vanta Bioscience,Healthcare Services,"Healthcare Research, Analytics & Technology",73.21428571428571,True,False
541703.BO,2026-08-10,11.220000267028809,11.613333384195963,11.761944479412502,12.152600021362305,14.05079999923706,14.251700005531312,11.638930452232309,9.789999961853027,19.200000762939453,False,False,False,False,False,False,False,False,False,-25.199998219807938,noise,67.2645739910314,False,True,False,False,Raconteur Global,Retailing,Speciality Retail,59.375,False,False
543595.BO,2026-08-10,94.55000305175781,104.33916727701823,100.6163895924886,100.1288003540039,98.69953318277994,100.42564964294434,103.01719894417445,75.5,139.0,False,False,False,False,False,False,False,False,False,-30.477938932531025,dry,0.0,False,False,False,False,EP Biocomposites,Other Utilities,Waste Management,54.91071428571429,False,False
544178.BO,2026-08-10,31.5,31.166666666666668,31.472499953375923,32.4792000579834,41.84686683654785,47.33765016555786,31.297493086370242,27.3700008392334,74.0,False,False,False,False,False,False,False,True,False,-49.624179409980464,dry,0.0,False,False,False,False,Piotex Indus.,Textiles & Apparels,Other Textile Products,26.785714285714285,False,False
CONTI.NS,2026-08-10,11.050000190734863,11.09166685740153,11.394444545110067,11.788000087738038,14.854666709899902,16.71225001335144,11.253916104379153,10.350000381469727,28.5,False,False,False,False,False,False,False,False,False,-52.26781696406613,red,113.63636363636364,False,False,False,False,Continental Seed,Commercial Services & Supplies,Trading & Distributors,20.535714285714285,False,False
542728.BO,2026-08-10,21.399999618530273,23.0749994913737,28.38333331214057,29.580400161743164,31.474267171223957,31.379000396728514,23.132882886996896,21.399999618530273,35.869998931884766,False,True,False,False,False,False,False,False,False,-0.3260349187839906,red,227.27272727272728,False,False,False,True,S K Internation.,Consumer Durables,"Gems, Jewellery And Watches",83.03571428571429,True,False
543519.BO,2026-08-10,77.80000305175781,78.31916809082031,79.77027829488118,79.94660079956054,89.98820098876953,93.8683003616333,77.94534197196832,63.0,143.4600067138672,False,False,False,False,False,False,False,False,False,3.7333374023437393,dry,0.0,False,False,False,False,Shashwat Furnis.,Consumer Durables,"Furniture, Home Furnishing",84.375,True,False
540938.BO,2026-08-10,9.699999809265137,9.386666297912598,9.326388703452217,9.472999973297119,9.858466701507568,11.542600026130676,9.487483228545612,6.190000057220459,27.0,False,False,False,False,True,True,False,True,False,-59.583334128061935,dry,0.0,False,False,False,False,Gujarat Hy-Spin,Textiles & Apparels,Other Textile Products,15.625,False,False
543372.BO,2026-08-10,7.449999809265137,7.404166738192241,7.57194443543752,7.145000009536743,5.9977333450317385,6.509200005531311,7.414746517415856,3.869999885559082,13.210000038146973,True,False,False,True,True,True,False,True,False,-43.603332416718274,green,380.9523809523809,True,False,False,False,Getalong Enterp.,Commercial Services & Supplies,Consulting Services,35.267857142857146,False,False
543979.BO,2026-08-10,66.22000122070312,60.68166637420654,56.45555517408583,51.97299972534179,47.973999913533525,50.13824993133545,61.49488989540952,37.5,84.30999755859375,True,False,False,True,True,True,True,True,False,20.400002219460234,noise,62.893081761006286,False,False,False,False,Kahan Packaging,Industrial Products,Packaging,91.96428571428571,True,False
543765.BO,2026-08-10,14.199999809265137,14.197499752044678,15.270555549197727,15.82939998626709,17.789666754404703,18.818500027656555,14.264995253891172,13.520000457763672,31.989999771118164,False,False,False,False,False,False,False,False,False,-37.71929699811758,dry,0.0,False,False,False,False,Earthstahl &All.,Industrial Products,Iron & Steel Products,44.642857142857146,False,False
543769.BO,2026-08-10,9.100000381469727,9.429166634877523,8.614444494247437,8.674400081634522,8.59273333867391,9.342049980163575,9.271422469755324,6.949999809265137,20.489999771118164,False,False,False,False,True,True,False,False,False,-40.71661136598341,dry,0.0,False,False,False,False,Indong Tea Co,Agricultural Food & other Products,Tea & Coffee,39.285714285714285,False,False
543285.BO,2026-08-10,17.06999969482422,16.71999979019165,17.016666571299236,17.401799926757814,20.836333332061766,23.11430001735687,16.968610741848245,14.619999885559082,141.8000030517578,False,False,False,False,False,False,False,True,False,-87.96191866893433,dry,2.910360884749709,False,True,False,False,Rajeshwari Cans,Industrial Products,Packaging,0.8928571428571428,False,False
QFIL.NS,2026-08-10,62.79999923706055,62.691665967305504,60.62222205268012,57.83699981689453,51.93400034586588,55.776750240325924,62.57350024508359,39.900001525878906,77.0,True,False,False,True,True,True,True,True,False,-5.350413441901091,dry,0.0,False,False,False,False,Quality Foils,Industrial Products,Iron & Steel Products,79.46428571428571,True,False
544083.BO,2026-08-10,53.0,52.622499783833824,55.31583340962728,58.57240036010742,61.96233350118001,69.31935026168823,53.25965181194752,40.0,116.0999984741211,False,False,False,False,False,True,False,False,False,-50.281425179507266,green,111.11111111111111,False,False,False,False,Shree Marutinand,Industrial Products,Iron & Steel Products,25.0,False,False
SPRL.NS,2026-08-10,101.94999694824219,97.92083168029785,104.7027768029107,98.75299911499023,110.96999994913737,126.29724964141846,100.27478084056004,74.5,189.4499969482422,False,False,False,False,True,True,False,True,False,-30.646260579427086,noise,65.78947368421053,False,False,False,False,SP Refractories,Industrial Products,Electrodes & Refractories,54.46428571428571,False,False
CMRSL.NS,2026-08-10,65.5999984741211,64.39166577657063,65.97638850741916,66.26899978637695,68.68499992370606,70.65874986648559,63.87315055787495,52.45000076293945,96.75,False,False,False,False,False,False,False,True,False,-14.012479222713214,ppv,206.42201834862385,False,False,False,False,Cyber Media Res.,Media,Advertising & Media Agencies,74.10714285714286,True,False
540144.BO,2026-08-10,17.049999237060547,17.749999682108562,17.95583306418525,17.985999641418456,16.98113316853841,17.20159986972809,17.428183638111616,11.550000190734863,25.93000030517578,False,False,False,True,False,True,False,False,False,-34.24605076592589,dry,0.0,False,False,False,False,DRA Consultants,Commercial Services & Supplies,Consulting Services,48.214285714285715,False,False
NIDAN.NS,2026-08-10,13.399999618530273,13.174999872843424,13.418055534362793,13.528999938964844,14.95266664505005,16.106999955177308,13.27258827256501,11.5,24.899999618530273,False,False,False,False,False,False,False,True,False,-35.26570471185123,noise,27.027027027027028,False,False,False,False,Nidan Laborator.,Healthcare Services,Healthcare Service Provider,46.875,False,False
RADIOWALLA.NS,2026-08-10,26.049999237060547,27.637499809265137,26.827777756585014,27.047999992370606,37.368666648864746,43.18699997901916,27.288258374327828,22.200000762939453,72.0,False,False,False,False,False,False,False,False,False,-60.47041178469363,noise,21.73913043478261,False,False,False,False,Radiowalla,Entertainment,Media & Entertainment,13.392857142857142,False,False
MARINETRAN.NS,2026-08-10,15.5,14.458333492279053,14.051388846503365,14.400999927520752,16.847666651407877,17.125749940872193,14.672098560815325,13.300000190734863,28.200000762939453,False,False,False,False,True,False,False,True,False,-3.7267103556115178,green,333.33333333333337,False,False,False,False,Marinetrans Indi,Transport Services,Logistics Solution Provider,80.80357142857143,True,False
YCCL.NS,2026-08-10,9.350000381469727,9.574999968210856,9.77916669845581,9.848000011444093,10.419666684468588,10.892000007629395,9.685457849379008,8.550000190734863,13.949999809265137,False,False,False,False,False,False,False,False,False,-25.199996948242188,red,267.85714285714283,False,False,False,False,Yasons Chemex,Chemicals & Petrochemicals,Dyes And Pigments,59.82142857142857,False,False
543606.BO,2026-08-10,26.18000030517578,28.33833344777425,24.765277862548828,23.906200103759765,22.1920667330424,24.974200072288514,27.810233185382742,12.619999885559082,48.849998474121094,True,False,False,False,True,True,False,False,False,-31.787390368456215,dry,18.38235294117647,False,False,False,False,Containe Tech.,Industrial Manufacturing,Industrial Products,52.23214285714286,False,False
PRECISION.NS,2026-08-10,8.149999618530273,7.891666650772095,7.22083334128062,7.341999998092652,8.437333348592123,10.124749999046326,7.889326210057876,6.199999809265137,26.0,False,False,False,False,True,True,False,True,False,-68.4108532576111,red,156.794425087108,False,False,False,False,Precision Metal.,Auto Components,Auto Components & Equipments,8.482142857142858,False,False
540072.BO,2026-08-10,11.880000114440918,12.695833285649618,12.785277711020576,12.985399951934815,12.62,11.920000028610229,12.568489576594075,7.010000228881836,19.649999618530273,False,True,False,True,False,True,False,False,False,-39.54198297674325,red,2500.0,False,False,False,False,Shiva Granito,Other Construction Materials,Other Construction Materials,41.07142857142857,False,False
SHUBHLAXMI.NS,2026-08-10,19.0,19.525000254313152,23.07638904783461,23.21200012207031,26.31733336130778,25.934250016212463,19.39315528359608,13.350000381469727,40.0,False,True,True,False,False,True,False,False,False,18.0124195640891,noise,50.607287449392715,False,False,False,False,Shubhlaxmi Jewel,Consumer Durables,"Gems, Jewellery And Watches",89.73214285714286,True,False
543830.BO,2026-08-10,62.0,61.71750036875407,61.80861102210151,61.47419990539551,57.34273330688477,55.54454998016357,61.94922048892024,45.599998474121094,66.5,True,True,True,True,True,True,True,True,False,5.084745762711873,dry,0.0,False,False,False,False,Labelkraft Tech.,"Paper, Forest & Jute Products",Paper & Paper Products,84.82142857142857,True,True
544072.BO,2026-08-10,31.850000381469727,28.052500247955322,23.97500006357829,23.872200164794922,25.234600118001303,28.784400091171264,28.99875527130921,19.020000457763672,69.45999908447266,True,False,False,False,True,True,False,True,False,-52.46268599780638,dry,0.0,False,True,False,False,Aik Pipes & Poly,Industrial Products,Plastic Products - Industrial,19.642857142857142,False,False
543678.BO,2026-08-10,11.34000015258789,10.021666765213013,11.198611127005684,12.081600036621094,21.083933251698813,27.516299929618835,10.511140174766343,8.619999885559082,82.0,False,False,False,False,False,True,False,True,False,-85.46712760477878,green,133.54700854700855,False,False,False,False,Ambo Agritec,Agricultural Food & other Products,Edible Oil,1.7857142857142856,False,False
TAPIFRUIT.NS,2026-08-10,50.0,50.0,49.24722237057156,49.56599998474121,56.45399996439616,63.76500001907348,49.90618905949481,45.099998474121094,104.80000305175781,False,False,False,False,True,False,False,True,False,-29.5774647887324,dry,0.0,False,False,False,False,Tapi Fruit,Food Products,Packaged Foods,55.80357142857143,False,False
543623.BO,2026-08-10,78.08000183105469,79.53999900817871,80.69583299424913,70.98439979553223,51.27999992370606,49.729499893188475,79.52668607854781,33.0,93.5999984741211,True,True,True,True,True,True,True,False,False,68.93119811533161,dry,0.0,False,False,False,False,Vedant Asset,Capital Markets,Financial Products Distributor,98.21428571428571,True,True
542477.BO,2026-08-10,22.0,22.0,20.415000173780655,19.304800338745117,15.777867005666097,14.569250288009643,21.966554745202526,10.109999656677246,24.260000228881836,True,True,True,True,True,True,True,True,False,107.35156184623085,dry,0.0,False,False,False,False,Gleam Up Jwel Limiteed,Commercial Services & Supplies,Trading & Distributors,99.55357142857143,True,True
TRIDHYA.NS,2026-08-10,9.050000190734863,10.045833190282186,10.629166523615519,10.437999877929688,11.040333302815755,12.185999975204467,9.858448404711913,6.300000190734863,19.950000762939453,False,False,False,False,False,True,False,False,False,-49.582173782298746,red,215.0537634408602,False,False,False,False,Tridhya Tech,Commercial Services & Supplies,Diversified Commercial Services,27.232142857142854,False,False
541006.BO,2026-08-10,9.0,9.490000089009603,10.485833432939318,10.909800071716308,12.396533438364665,12.984699964523315,9.310199888768844,8.59000015258789,22.309999465942383,False,False,False,False,False,False,False,False,False,-59.659344619263365,dry,0.0,False,False,False,True,Angel Fibers,Textiles & Apparels,Other Textile Products,14.732142857142858,False,False
ASPIRE.NS,2026-08-10,15.199999809265137,14.912500063578287,14.34027780426873,14.351000061035156,14.604333356221517,15.497000026702882,14.773839372348604,10.199999809265137,27.0,False,False,False,False,True,True,False,True,False,-37.959184451979034,noise,71.94244604316546,False,False,False,False,Aspire & Innovat,Consumer Durables,Household Appliances,44.19642857142857,False,False
AILIMITED.NS,2026-08-10,35.849998474121094,36.62083307902018,36.590277671813965,36.627999801635745,36.388333307902016,37.865999965667726,36.238125697818305,23.75,61.0,False,False,False,False,False,True,False,False,False,-41.229510698162144,dry,0.0,False,False,False,False,Abhishek Integr.,Construction,Civil Construction,38.392857142857146,False,False
VIVO.NS,2026-08-10,119.75,94.8874994913737,82.90416569179959,81.22199935913086,77.79266647338868,77.47550003051758,101.37546807390581,64.0,119.75,True,True,True,True,True,True,True,True,False,87.109375,ppv,2211.538461538462,True,False,True,False,Vivo Collaborat.,Telecom - Services,Other Telecom Services,99.10714285714286,True,True
544160.BO,2026-08-10,45.849998474121094,42.53166675567627,32.82055563396878,36.12840015411377,25.652533334096272,27.999500041007995,42.99183083122526,10.729999542236328,60.9900016784668,True,False,False,True,True,True,True,True,False,-16.636366410688918,red,110.16949152542372,False,False,False,False,Jay Kailash,Food Products,Packaged Foods,71.875,True,False
543924.BO,2026-08-10,49.0,49.17583306630453,44.74805524614122,46.958999938964844,52.64653340657552,57.40260009765625,48.45562734739286,37.810001373291016,92.0,False,False,False,False,True,False,False,True,False,-32.36714690960542,dry,0.0,False,False,False,False,Sonalis Consumer,Food Products,Packaged Foods,51.78571428571429,False,False
544011.BO,2026-08-10,37.790000915527344,33.3691668510437,33.85611126157973,33.595800132751464,34.79973342895508,37.25755006790161,34.8139235184839,30.100000381469727,55.0,True,False,False,False,True,False,False,True,False,-19.59574273292054,dry,0.0,False,False,False,False,Vrundavan Planta,Commercial Services & Supplies,Diversified Commercial Services,67.41071428571429,False,False
543309.BO,2026-08-10,16.299999237060547,16.521666208902996,15.929444313049316,16.067999801635743,16.839266567230226,16.972049899101258,16.408579798801696,13.0,21.799999237060547,False,False,False,False,True,False,False,False,False,-9.444448682996963,dry,0.0,False,False,False,False,Adeshwar Meditex,Healthcare Services,"Healthcare Research, Analytics & Technology",77.23214285714286,True,False
543538.BO,2026-08-10,12.489999771118164,12.24749986330668,12.513888835906982,12.738799953460694,13.548799991607666,13.93090000629425,12.384511258830507,8.539999961853027,20.25,False,False,False,False,False,True,False,True,False,-31.335902119778346,dry,0.0,False,False,False,False,Goel Food,Leisure Services,Hotels & Resorts,52.67857142857143,False,False
543754.BO,2026-08-10,88.5,97.50416564941406,99.10472064548068,95.79539886474609,102.6368664042155,107.53164978027344,94.11775883647935,76.86000061035156,166.77999877929688,False,False,False,False,False,False,False,False,False,15.144417508735696,noise,20.79002079002079,False,False,False,False,Transvoy Logist.,Transport Services,Logistics Solution Provider,88.83928571428571,True,False
SATIPOLY.NS,2026-08-10,45.599998474121094,42.104166666666664,37.16666656070285,37.05600006103516,40.351333389282225,47.56225004196167,43.573303076058615,27.149999618530273,88.25,False,False,False,False,True,True,False,True,False,-44.390245763266954,noise,32.78688524590164,False,False,False,False,Sati Poly,Industrial Products,Packaging,33.482142857142854,False,False
541337.BO,2026-08-10,25.6299991607666,26.299999237060547,27.25111044777764,27.073399505615235,28.199999821980793,26.671649866104126,26.12978987581002,9.180000305175781,31.65999984741211,False,True,True,False,False,True,True,False,False,172.65957660511003,dry,0.0,False,False,False,False,Milestone Furn.,Consumer Durables,"Furniture, Home Furnishing",100.0,True,False
542678.BO,2026-08-10,9.550000190734863,9.550000190734863,9.022777981228298,8.809200210571289,35.788563849131265,48.907020611763,9.531453584977625,7.5,111.66180419921875,False,False,False,False,True,False,False,True,False,-79.65434681233654,dry,0.0,False,False,False,False,Cian Healthcare,Pharmaceuticals & Biotechnology,Pharmaceuticals,4.017857142857143,False,False
MANDEEP.NS,2026-08-10,20.0,19.666666825612385,19.46805551317003,19.400999984741212,20.198666712443035,21.337500038146974,19.68472284060592,17.25,31.899999618530273,False,False,False,False,True,False,False,True,False,-23.076923076923073,noise,49.01960784313725,False,True,False,False,Mandeep Auto,Auto Components,Auto Components & Equipments,62.05357142857143,False,False
544139.BO,2026-08-10,42.470001220703125,36.28666718800863,34.568889141082764,35.012600059509275,36.35013332366943,37.178399839401244,37.80364343053968,30.049999237060547,49.099998474121094,True,False,False,False,True,True,True,True,False,-1.2325553006904078,ppv,526.3157894736843,True,False,False,False,Koura Fine Diamo,Consumer Durables,"Gems, Jewellery And Watches",82.58928571428571,True,False
544195.BO,2026-08-10,14.199999809265137,14.349166552225748,15.55527761247423,15.917799797058105,17.34733330408732,18.560549960136413,14.42581398306467,13.5,31.700000762939453,False,False,False,False,False,False,False,False,False,-47.40740811383283,noise,218.44660194174756,False,False,False,False,United Cotfab,Textiles & Apparels,Other Textile Products,29.910714285714285,False,False
541983.BO,2026-08-10,21.65999984741211,22.60999933878581,23.081388261583115,23.8487996673584,20.48793315887451,19.498799834251404,22.428616803011202,12.0,27.649999618530273,True,True,True,True,False,True,True,False,False,-17.391302766433945,dry,0.0,False,False,False,False,Innovative Ideal,Commercial Services & Supplies,Diversified Commercial Services,70.08928571428571,True,False
543941.BO,2026-08-10,80.0,79.83666547139485,77.1558329264323,77.75539978027344,80.80186653137207,83.95314996719361,79.63014548776671,58.900001525878906,136.0,False,False,False,False,True,True,False,True,False,-17.201409929756984,noise,189.873417721519,False,False,False,False,Ahasolar Technol,Retailing,E-Retail/ E-Commerce,70.53571428571429,True,False
TGL.NS,2026-08-10,21.200000762939453,19.59166685740153,19.36250008477105,19.86400005340576,33.66266675313314,40.017499980926516,20.073120727679775,14.800000190734863,117.4000015258789,False,False,False,False,True,True,False,True,False,-81.94207794940593,noise,55.95970900951315,False,False,False,False,Teerth Gopicon,Construction,Civil Construction,3.125,False,False
540150.BO,2026-08-10,63.9900016784668,64.32666778564453,64.8088887532552,65.3647998046875,63.10033342997233,64.35050029754639,64.19361034708666,47.29999923706055,84.80000305175781,False,False,False,True,False,True,True,False,False,-5.661211925295595,dry,0.0,False,False,False,False,Mewar Hi-Tech,Construction,Civil Construction,79.01785714285714,True,False
VERTEXPLUS.NS,2026-08-10,46.0,46.375,45.24861070844862,48.734999618530274,77.08199989318848,87.77074995040894,46.270753873899366,35.95000076293945,149.8000030517578,False,False,False,False,False,False,False,False,False,-65.12509315496938,dry,0.0,False,False,False,False,Vertexplus Tech.,IT - Services,IT Enabled Services,9.821428571428571,False,False
GSTL.NS,2026-08-10,15.199999809265137,16.433333317438763,16.916666746139526,17.7989999961853,22.61433329264323,19.451249969005584,16.097180070785733,5.949999809265137,37.650001525878906,False,True,True,False,False,True,False,False,False,14.285711212649943,noise,63.829787234042556,False,False,False,False,Globesecure Tech,IT - Services,IT Enabled Services,87.5,True,False
MICROPRO.NS,2026-08-10,19.0,18.699999968210857,19.206944624582928,19.247000160217286,19.371000080108644,19.594750027656556,18.60574150824042,15.149999618530273,28.5,False,False,False,False,False,False,False,True,False,-13.242007621207874,green,112.35955056179776,False,False,False,False,Micropro Softwar,IT - Software,Computers - Software & Consulting,74.55357142857143,True,False
544052.BO,2026-08-10,36.25,36.02249972025553,40.06749979654948,39.57759986877441,29.735466588338216,29.90119993209839,36.67319246830339,18.0,47.880001068115234,True,False,True,True,False,True,True,False,False,13.352096681940973,noise,32.467532467532465,False,False,False,False,Benchmark Comp.,IT - Services,IT Enabled Services,87.05357142857143,True,False
JETKNIT.NS,2026-08-10,59.349998474121094,61.93333371480306,68.49027919769287,73.8580004119873,84.0859981028239,87.67849836349487,61.71340473156982,59.349998474121094,109.0,False,False,False,False,False,False,False,False,False,-45.55046011548524,dry,0.0,False,False,False,True,Jet Knitwears,Textiles & Apparels,Garments & Apparels,32.589285714285715,False,False
543621.BO,2026-08-10,25.899999618530273,25.679999669392902,24.208333227369522,22.645399932861327,22.41173350016276,23.585300121307373,25.796648150867707,15.300000190734863,28.799999237060547,True,False,True,False,True,True,True,True,False,54.07495800939515,dry,0.0,False,False,False,False,Cargosol Logist.,Transport Services,Logistics Solution Provider,97.32142857142857,True,False
544175.BO,2026-08-10,107.5,102.54166666666667,100.9805556403266,100.90600006103516,91.39513326009114,89.64529975891114,103.02514362884946,66.5,110.0,True,True,True,True,True,True,True,True,False,18.45730027548209,ppv,104.8951048951049,False,False,True,False,TGIF Agribusines,Agricultural Food & other Products,Other Agricultural Products,90.625,True,True
AGARWALFT.NS,2026-08-10,36.849998474121094,37.875,39.0236111746894,36.57099990844726,34.293333231608074,37.63674991607666,37.51823078340041,21.850000381469727,71.25,False,False,False,False,True,True,False,False,False,-38.583335876464844,dry,0.0,False,False,False,False,Agarwal Float,Industrial Products,Glass - Industrial,42.410714285714285,False,False
543352.BO,2026-08-10,170.0,171.25,165.11190795898438,163.46174011230468,144.44562489827473,144.71031608581544,170.2613622422771,106.50857078422933,175.0,True,False,True,True,True,True,True,False,False,18.15286043286686,dry,0.0,False,False,False,False,Platinumone Bus.,Commercial Services & Supplies,Business Process Outsourcing (BPO)/ Knowledge Process Outsourcing (KPO),90.17857142857143,True,False
543814.BO,2026-08-10,38.5099983215332,40.914167722066246,44.86777824825711,44.89280021667481,52.6951998647054,58.38549995422363,42.1804213266852,36.150001525878906,106.05000305175781,False,False,False,False,False,False,False,False,False,-42.48805428902212,red,337.07865168539325,False,False,False,False,Prospect Consum.,Agricultural Food & other Products,Other Agricultural Products,37.05357142857143,False,False
YUDIZ.NS,2026-08-10,26.0,25.391666730244953,25.65138906902737,25.329000091552736,27.4103333791097,27.82025002479553,26.1220198510038,22.149999618530273,39.29999923706055,False,False,False,False,True,False,False,False,False,-21.092566318713025,noise,28.40909090909091,False,False,False,False,Yudiz Solutions,IT - Software,Computers - Software & Consulting,63.83928571428571,False,False
NIRMAN.NS,2026-08-10,33.0,37.29166634877523,40.66249995761447,42.028999938964844,48.950999908447265,55.54550001144409,36.20103786558083,30.600000381469727,231.0,False,False,False,False,False,False,False,False,False,-77.4897690135849,red,191.2280701754386,False,False,False,True,Nirman Agri,Agricultural Food & other Products,Other Agricultural Products,5.357142857142857,False,False
544013.BO,2026-08-10,40.0,39.4966672261556,40.53444480895996,41.2788005065918,39.3542000579834,39.65699995040894,39.74937022525192,29.0,51.900001525878906,True,False,False,True,False,True,True,True,False,-4.761904761904767,noise,181.8181818181818,False,False,False,False,KK Shah Hospital,Healthcare Services,Hospital,80.35714285714286,True,False
541945.BO,2026-08-10,6.920000076293945,6.920000076293945,6.64500011338128,6.548400135040283,6.466200087865194,6.837800095081329,6.908897507864627,4.260000228881836,12.300000190734863,True,False,False,False,True,True,False,True,False,-43.73983765051869,dry,0.0,False,False,False,False,Ranjeet Mechatr.,Construction,Civil Construction,34.375,False,False
543410.BO,2026-08-10,29.290000915527344,28.5683331489563,30.39333364698622,30.976858062744142,35.920620346069335,38.624814910888674,28.62546736040704,26.5,69.349973300292,False,False,False,False,False,False,False,True,False,-50.512151860225885,noise,68.4931506849315,False,False,False,False,DMR Engineering,Commercial Services & Supplies,Consulting Services,24.553571428571427,False,False
KKVAPOW.NS,2026-08-10,451.3999938964844,477.27916463216144,512.8805448744032,539.6879913330079,597.5303318277995,597.5388163757324,470.2547950042724,451.3999938964844,733.0,False,False,False,False,False,False,False,False,False,-34.9492786906644,dry,0.0,False,False,False,True,KKV Agro Powers,Consumer Durables,"Gems, Jewellery And Watches",47.32142857142857,False,False
543546.BO,2026-08-10,5.449999809265137,5.599166711171468,6.340000046624078,6.47100004196167,7.846666701634725,9.558750035762786,5.627499491363363,5.25,61.38999938964844,False,False,False,False,False,False,False,False,False,-90.4936339870951,red,187.0748299319728,False,False,False,True,Healthy Life,Food Products,Dairy Products,0.4464285714285714,False,False
SECL.NS,2026-08-10,3.0,3.0,3.0,3.042000026702881,3.5163333304723103,3.860250018835068,3.0001120306871334,3.0,6.0,False,False,False,False,False,False,False,False,False,-50.0,dry,0.0,False,False,False,True,Salasar Exterior,Construction,Civil Construction,25.892857142857146,False,False
543065.BO,2026-08-10,23.360000610351562,23.360000610351562,24.811389393276638,24.571400260925294,23.471799990336102,24.531800003051757,23.46379892249784,15.050000190734863,31.979999542236328,False,False,False,True,False,True,False,False,False,-20.813557253045555,dry,0.0,False,False,False,False,SM Auto Stamping,Industrial Manufacturing,Industrial Products,64.73214285714286,False,False
QUICKTOUCH.NS,2026-08-10,22.0,22.183333079020183,23.347222116258408,23.7639998626709,28.94399990081787,31.005749940872192,22.331646811011503,20.649999618530273,63.599998474121094,False,False,False,False,False,False,False,False,False,-59.44700460829493,noise,50.33557046979866,False,False,False,False,Quicktouch Tech,IT - Software,Computers - Software & Consulting,16.071428571428573,False,False
542503.BO,2026-08-10,,,,,,,,,,False,False,False,False,False,False,False,False,False,,noise,,False,False,False,False,Mahip Industries,Industrial Products,Packaging,,False,False
541112.BO,2026-08-10,22.0,25.861666520436604,27.287222173478867,27.486799964904787,27.090800196329752,27.558850135803223,24.905403371312982,20.25,39.04999923706055,False,False,False,False,False,False,False,False,False,-33.634995513271804,dry,0.0,False,False,False,True,Shreeshay Engi.,Construction,Civil Construction,49.107142857142854,False,False
TIMESCAN.NS,2026-08-10,42.0,40.52499961853027,41.09861108991835,41.337000122070314,43.20700007120768,46.4539998626709,41.063073575154775,38.04999923706055,69.05000305175781,False,False,False,False,True,False,False,True,False,-26.444831659609815,dry,0.0,False,False,False,False,Timescan Logist.,Transport Services,Logistics Solution Provider,58.92857142857143,False,False
SAIFL.NS,2026-08-10,5.0,5.054166754086812,5.198611127005683,5.181000022888184,8.249333356221516,9.546250019073486,5.041505954504295,4.900000095367432,29.649999618530273,False,False,False,False,False,False,False,False,False,-83.13659337494505,noise,29.37720329024677,False,False,False,True,Sameera Agro,Agricultural Food & other Products,Other Agricultural Products,2.232142857142857,False,False
543319.BO,2026-08-10,1.2300000190734863,1.2300000190734863,1.190000010861291,1.1416000068187713,1.2711333231131237,1.3082999947667122,1.2293215311036236,0.7599999904632568,1.5,False,False,True,False,True,True,True,True,False,39.772730197541996,dry,0.0,False,False,False,False,AA Plus Trade,Commercial Services & Supplies,Trading & Distributors,94.64285714285714,True,False
UMA.NS,2026-08-10,14.75,15.09583330154419,16.655555460188125,17.228999900817872,18.252333291371663,19.03699996471405,15.041412941164081,14.5,25.0,False,False,False,False,False,False,False,False,False,-39.795918367346935,red,240.96385542168676,False,False,False,False,Uma Converter,Industrial Products,Packaging,40.17857142857143,False,False
CELLPOINT.NS,2026-08-10,16.600000381469727,18.44166660308838,16.64722228050232,16.381000022888184,16.00133333206177,16.348249974250795,17.660147325463946,11.699999809265137,21.100000381469727,True,False,False,True,True,True,True,False,False,-6.4788710903114,noise,86.58008658008657,False,False,False,False,Cell Point,Retailing,Speciality Retail,78.125,True,False
MANAV.NS,2026-08-10,24.0,24.637500127156574,31.130555417802597,33.932999992370604,36.647000020345054,33.71424998283386,24.42235775758748,14.5,47.0,False,True,False,False,False,True,False,False,False,57.377049180327866,green,151.5151515151515,False,False,False,False,Manav Infra,Construction,Civil Construction,97.76785714285714,True,False
AGUL.NS,2026-08-10,56.45000076293945,60.78333282470703,58.98750040266249,60.36300071716309,66.22033363342285,65.72300016403199,59.41461390588995,49.0,86.0,False,True,False,False,False,False,False,False,False,-1.6550535499744612,dry,0.0,False,False,False,False,A G Universal,Industrial Products,Iron & Steel Products,81.69642857142857,True,False
543744.BO,2026-08-10,120.0,128.33333333333334,139.44444444444446,141.0,153.02,163.05500022888182,125.02040459503701,120.0,216.0,False,False,False,False,False,False,False,False,False,-42.59746555933334,dry,0.0,False,False,False,True,Rex Sealing,Industrial Products,Packaging,36.160714285714285,False,False
MCON.NS,2026-08-10,41.099998474121094,43.62916692097982,43.888888888888886,45.2260001373291,48.31866668701172,52.55974994659424,42.79773717212555,37.29999923706055,94.0,False,False,False,False,False,False,False,False,False,-49.69400243655042,noise,51.41388174807198,False,False,False,False,MCON Rasayan,Other Construction Materials,Other Construction Materials,26.339285714285715,False,False
BLUEPEBBLE.NS,2026-08-10,72.3499984741211,70.37916628519694,72.60138850741916,75.54799987792968,109.7023329671224,114.135249710083,71.32284216337631,66.0,200.4549860664494,False,False,False,False,False,False,False,True,False,-60.389455732871134,red,199.0632318501171,False,False,False,False,Blue Pebble,Other Consumer Services,Other Consumer Services,13.839285714285715,False,False
MEDIORG.NS,2026-08-10,25.649999618530273,26.583333333333332,24.808333290947807,23.774999961853027,24.836666679382326,25.788500061035155,26.520851145360524,19.100000381469727,41.400001525878906,False,False,False,False,True,True,False,False,False,-37.96855969756968,dry,0.0,False,False,False,False,Medicamen Organ.,Pharmaceuticals & Biotechnology,Pharmaceuticals,43.75,False,False
543578.BO,2026-08-10,70.0,64.61083316802979,72.96833335028754,79.89080017089844,139.10299977620443,159.9902498626709,67.64981502356544,58.0,290.8999938964844,False,False,False,False,False,False,False,True,False,-67.8825414176889,noise,94.45843828715365,False,False,False,False,Olatech Solution,IT - Software,Software Products,8.928571428571429,False,False
543540.BO,2026-08-10,112.94999694824219,115.93749936421712,110.62638854980469,116.77499923706054,119.54333292643229,127.44949985504151,114.9857844422071,82.0999984741211,183.64999389648438,False,False,False,False,False,True,False,False,False,-21.008467299036504,dry,5.186721991701245,False,False,False,False,Pearl Green Club,Agricultural Food & other Products,Other Agricultural Products,64.28571428571429,False,False
542801.BO,2026-08-10,68.5,80.07500012715657,83.30694346957736,85.70199935913087,105.85499974568685,106.85974987030029,77.47257907103973,67.0999984741211,142.0,False,False,False,False,False,False,False,False,False,-23.24929971988795,dry,0.0,False,True,False,True,Misquita Engg.,Industrial Manufacturing,Industrial Products,61.16071428571429,False,False
PROLIFE.NS,2026-08-10,78.6500015258789,74.3125,75.31250105963812,72.1150006866455,66.3286669921875,71.00500022888184,75.71889702330988,56.04999923706055,149.63577270507812,True,False,False,True,True,True,False,True,False,-47.43903806953122,noise,531.9148936170212,False,False,False,False,Prolife Indust.,Chemicals & Petrochemicals,Dyes And Pigments,29.464285714285715,False,False
AUROIMPEX.NS,2026-08-10,26.5,26.15416685740153,26.130555576748318,26.639000053405763,30.187666676839193,33.43375005722046,26.24482029866911,21.25,53.95000076293945,False,False,False,False,False,False,False,True,True,-47.31610258062378,noise,29.411764705882355,False,False,False,False,Auro Impex,Industrial Products,Electrodes & Refractories,30.80357142857143,False,False
543375.BO,2026-08-10,11.649999618530273,12.09249997138977,12.653888781865438,13.004599857330323,16.169199867248537,18.22314989089966,12.25614432460111,11.0,34.0,False,False,False,False,False,False,False,False,False,-60.77441306645524,red,277.77777777777777,False,False,False,False,Promax Power,Construction,Civil Construction,12.946428571428573,False,False
542934.BO,2026-08-10,45.540000915527344,37.81000010172526,39.07750002543131,40.40740020751953,38.03719997406006,38.70779990196228,39.92802167285674,29.700000762939453,59.0,True,False,False,True,True,True,True,True,False,-17.199998335404832,noise,47.16981132075472,False,False,False,False,Chandra Bhagat,Pharmaceuticals & Biotechnology,Pharmaceuticals,70.98214285714286,True,False
WALPAR.NS,2026-08-10,34.849998474121094,34.849998474121094,32.486110263400604,30.515999374389647,38.43799997965495,39.6325,34.79871083478689,21.25,50.599998474121094,False,False,False,False,True,True,False,True,False,-22.469415166608066,dry,0.0,False,False,False,False,Walpar Nutrition,Pharmaceuticals & Biotechnology,Pharmaceuticals,62.5,False,False
543637.BO,2026-08-10,14.770000457763672,14.745833237965902,15.136111074023777,15.447799949645995,16.141799971262614,17.4342999792099,14.837094994083643,12.65999984741211,34.20000076293945,False,False,False,False,False,False,False,False,False,-33.438485343457266,noise,53.191489361702125,False,True,False,False,Pace E-Commerce,Retailing,E-Retail/ E-Commerce,49.55357142857143,False,False
539273.BO,2026-08-10,252.0,252.0,242.72222222222223,241.96,269.5739984130859,282.78824920654296,251.37250890428078,163.0,420.04998779296875,False,False,False,False,True,True,False,True,False,34.75935828877006,dry,0.0,False,False,False,False,Pecos Hotels,Leisure Services,Restaurants,94.19642857142857,True,False
FALCONTECH.NS,2026-08-10,11.75,11.74999992052714,11.506944470935398,11.95900001525879,13.464490699768067,14.254118027687072,11.827769148109079,9.934853553771973,22.350000381469727,False,False,False,False,False,False,False,False,False,-33.23863781064992,noise,36.15702479338843,False,False,False,False,Falcon,Commercial Services & Supplies,Diversified Commercial Services,50.44642857142857,False,False
AGNI.NS,2026-08-10,17.100000381469727,17.08750009536743,17.648611068725586,17.76499996185303,18.792666651407878,20.183500022888182,17.110068895875173,13.600000381469727,43.349998474121094,False,False,False,False,False,False,False,False,False,-19.718305192626996,noise,145.3488372093023,False,False,False,False,Agni Green,Construction,Civil Construction,66.51785714285714,False,False
543921.BO,2026-08-10,43.2400016784668,43.945000330607094,32.61888890796237,32.473800086975096,37.827666435241696,47.141699895858764,42.80444589608037,20.540000915527344,112.0,False,False,False,False,True,True,False,True,False,-56.95370533386217,dry,0.0,False,False,False,False,Comrade Applian.,Consumer Durables,Consumer Electronics,17.857142857142858,False,False
HRHNEXT.NS,2026-08-10,25.25,26.87916628519694,26.922222137451172,27.087999954223633,28.129999974568683,28.88974998474121,26.593966605208873,21.0,39.95000076293945,False,False,False,False,False,False,False,False,False,-36.07594936708861,red,156.25,False,False,False,False,HRH Next,Commercial Services & Supplies,Business Process Outsourcing (BPO)/ Knowledge Process Outsourcing (KPO),45.982142857142854,False,False
KONTOR.NS,2026-08-10,60.0,57.36249955495199,58.94583288828532,59.80199981689453,66.73133321126302,66.94199989318848,57.415041308800056,53.25,87.0,False,False,False,False,True,False,False,True,False,-27.404720033534257,ppv,150.86206896551724,False,False,False,False,Kontor Space,Commercial Services & Supplies,Diversified Commercial Services,57.58928571428571,False,False
544201.BO,2026-08-10,13.890000343322754,14.083333333333334,15.239166683620876,15.95419994354248,15.634866669972737,15.920600008964538,14.078835740761676,9.90999984741211,25.40999984741211,False,False,False,True,False,True,False,False,False,-33.22114974613005,noise,70.8502024291498,False,False,False,False,Dindigul Farm,Food Products,Dairy Products,50.89285714285714,False,False
543938.BO,2026-08-10,100.19999694824219,100.22750282287598,99.22234026590984,101.6179460144043,135.09435572306316,120.98755531311035,100.24090550321766,66.93315124511719,198.75150474244248,False,True,True,False,False,True,False,False,False,17.005474129847652,red,135.13513513513513,False,False,False,False,AccelerateBS Ind,IT - Software,Computers - Software & Consulting,89.28571428571429,True,False
SUNREST.NS,2026-08-10,37.099998474121094,35.6952158610026,35.16090488433838,34.7888516998291,37.023134333292646,38.942850818634035,36.135454720042354,29.549999237060547,57.79999923706055,False,False,False,False,True,False,False,True,False,-28.653849088228668,red,199.63317404269654,False,False,False,False,Sunrest Lifescie,Pharmaceuticals & Biotechnology,Pharmaceuticals,57.14285714285714,False,False
541196.BO,2026-08-10,85.0,83.92666880289714,83.41555870903863,83.78100280761718,86.28033345540365,87.41334987640381,84.32589259836229,83.16000366210938,96.97000122070312,False,False,False,False,True,False,True,True,False,-11.430656539719442,dry,0.0,False,False,False,False,Lex Nimble Solu.,Commercial Services & Supplies,Consulting Services,76.78571428571429,True,False
543970.BO,2026-08-10,77.70999908447266,80.89416694641113,86.79361089070638,83.37499969482423,62.80846664428711,58.01329996109009,80.3218522699047,34.25,98.19999694824219,True,True,True,True,False,True,True,False,False,21.327081002129567,dry,0.0,False,False,False,False,Shoora Designs,Consumer Durables,"Gems, Jewellery And Watches",92.41071428571429,True,False
540550.BO,2026-08-10,23.0,23.55500030517578,24.748333825005425,24.055000343322753,18.779000047047933,20.310858492851256,23.398114121475245,11.329999923706055,33.0,True,False,False,True,False,True,False,False,False,-24.590163934426236,dry,0.0,False,False,False,False,Yug Decor,Chemicals & Petrochemicals,Specialty Chemicals,60.26785714285714,False,False
540850.BO,2026-08-10,24.0,21.68083318074544,23.67472219467163,24.73720001220703,29.392933235168456,33.67674996376038,22.294191621126398,20.0,72.75,False,False,False,False,False,False,False,True,False,-63.14496469940691,noise,89.48545861297539,False,False,False,False,Jhandewala Foods,Food Products,Packaged Foods,10.714285714285714,False,False
VSCL.NS,2026-08-10,24.049999237060547,27.487499872843426,28.856944402058918,28.24599998474121,24.57966667175293,23.55349995613098,26.609206734791208,16.049999237060547,31.799999237060547,False,True,False,True,False,True,True,False,False,-19.83333587646484,red,208.33333333333334,False,False,False,False,Vadivarhe Speci.,Chemicals & Petrochemicals,Specialty Chemicals,66.07142857142857,False,False
HOMESFY.NS,2026-08-10,119.05000305175781,120.4375,116.62083307902019,114.8679997253418,133.56366683959962,148.37625003814696,119.43926272082655,100.69999694824219,289.8999938964844,False,False,False,False,True,False,False,False,False,-55.92373181726919,dry,0.0,False,False,False,False,Homesfy Realty,Realty,Real Estate related services,18.303571428571427,False,False
VERA.NS,2026-08-10,78.25,78.25,71.11666764153375,70.5240007019043,69.82033396402994,69.8212508392334,77.36992022109285,65.55000305175781,78.25,True,False,False,True,True,False,True,True,False,15.073529411764696,dry,0.0,False,False,True,False,Vera Synthetic,Textiles & Apparels,Other Textile Products,88.39285714285714,True,False
543518.BO,2026-08-10,37.900001525878906,40.46750036875407,42.057222260369194,41.876600189208986,34.37761433919271,34.000041246414185,39.50980465603269,22.200000762939453,49.900001525878906,True,True,True,True,False,True,True,False,False,18.984349144068457,dry,0.0,False,False,False,False,Eighty Jewellers,Consumer Durables,"Gems, Jewellery And Watches",91.51785714285714,True,False
DEEM.NS,2026-08-10,44.599998474121094,48.74166679382324,51.95694478352865,51.19400016784668,43.550666631062825,45.022000007629394,47.830104604771606,29.350000381469727,65.80000305175781,False,False,False,True,False,True,False,False,False,-21.75438864189282,noise,43.103448275862064,False,False,False,False,Deem Roll-Tech,Industrial Products,Iron & Steel Products,62.94642857142857,False,False
PENTAGON.NS,2026-08-10,51.150001525878906,53.42916711171468,54.83888943990072,55.250000381469725,62.73866661071777,66.82624990463256,53.259538653516046,49.150001525878906,99.5,False,False,False,False,False,False,False,False,False,-12.188838582182138,ppv,533.9805825242719,False,False,False,False,Pentagon Rubber,Industrial Products,Rubber,75.44642857142857,True,False
542668.BO,2026-08-10,71.38999938964844,67.73999913533528,67.33277765909831,66.93399971008301,87.54833320617676,100.82574987411499,68.84494932638344,60.0,175.0,False,False,False,False,True,False,False,True,False,-57.875347226098796,dry,0.0,False,True,False,False,Evans Electric,Commercial Services & Supplies,Diversified Commercial Services,16.964285714285715,False,False
VISHWAS.NS,2026-08-10,40.150001525878906,42.666666984558105,47.23194461398654,47.57700019836426,44.1103333791097,44.472499961853025,42.130962254205734,32.75,63.45000076293945,False,False,False,True,False,False,False,False,False,-30.895004164651528,dry,0.0,False,False,False,False,Vishwas Agri,Agricultural Food & other Products,Other Agricultural Products,53.125,False,False
538921.BO,2026-08-10,34.04999923706055,34.04999923706055,31.91777753829956,33.140799827575684,48.710000089009604,54.98389986991882,33.91902491641422,30.010000228881836,85.44999694824219,False,False,False,False,True,False,False,True,False,-47.6073236555026,dry,0.0,False,False,False,False,Raghuvansh Agro.,Agricultural Food & other Products,Other Agricultural Products,29.017857142857146,False,False
BABAFP.NS,2026-08-10,23.850000381469727,24.766666730244953,24.330555544959175,24.399999923706055,25.871999918619792,27.613249883651733,24.65186221373722,17.649999618530273,42.45000076293945,False,False,False,False,False,True,False,False,False,-41.111110169210555,noise,71.42857142857143,False,False,False,False,Baba Food,Food Products,Other Food Products,38.839285714285715,False,False
DHANLAXMI.NS,2026-08-10,25.5,25.608333269755047,26.19861110051473,26.997999992370605,28.184999961853027,29.823249979019167,25.55871922599525,20.049999237060547,46.5,False,False,False,False,False,False,False,False,False,-42.437922259223924,dry,0.0,False,True,False,False,Dhanlaxmi Crop,Agricultural Food & other Products,Other Agricultural Products,37.5,False,False
543522.BO,2026-08-10,89.0,84.2375005086263,96.41388871934679,99.33999969482421,104.7965333557129,106.47414989471436,86.86794887577688,64.5,163.3000030517578,False,False,False,False,False,True,False,True,False,-19.891988098693737,dry,8.746355685131196,False,False,False,False,Nanavati Venture,Non - Ferrous Metals,Precious Metals,65.625,False,False
544035.BO,2026-08-10,22.100000381469727,22.387499968210857,22.701666673024494,22.64340000152588,23.511133371988933,25.71445002555847,22.276904778600734,15.75,46.400001525878906,False,False,False,False,False,True,False,False,False,-44.749999046325684,green,404.04040404040404,True,False,False,False,Swashthik Plas.,Industrial Products,Plastic Products - Industrial,33.035714285714285,False,False
DIGIKORE.NS,2026-08-10,34.349998474121094,42.40416653951009,48.52777788374159,49.89500015258789,64.31633321126301,67.4286249923706,40.46905034459036,32.400001525878906,190.60000610351562,False,False,False,False,False,False,False,False,False,-79.57788400870712,noise,98.51088201603666,False,False,False,True,Digikore Studios,Entertainment,Media & Entertainment,4.464285714285714,False,False
BMETRICS.NS,2026-08-10,38.5,37.5,36.659722010294594,36.52199996948242,38.535999883015954,40.44199993133545,37.85346262725729,33.29999923706055,56.900001525878906,False,False,False,False,True,False,False,True,False,-16.8724508966864,dry,0.0,False,False,False,False,Bombay Metrics,Commercial Services & Supplies,Trading & Distributors,71.42857142857143,True,False
SONAMAC.NS,2026-08-10,33.5,35.087499936421715,33.60277779897054,33.96699989318848,37.05533339182536,42.25900002479553,34.69058473183582,27.100000381469727,88.0,False,False,False,False,False,False,False,False,False,-55.39280868088985,noise,98.36065573770492,False,False,False,False,Sona Machinery,Industrial Manufacturing,Industrial Products,19.196428571428573,False,False
EFORCE.NS,2026-08-10,20.950000762939453,21.27916669845581,21.687500105963814,22.10500015258789,25.47700012207031,28.646000080108642,21.250669808621026,16.149999618530273,47.0,False,False,False,False,False,False,False,False,False,-48.46248468255996,noise,54.94505494505495,False,False,False,False,Electro Force,Electrical Equipment,Other Electrical Equipment,28.125,False,False
544157.BO,2026-08-10,200.5,224.38333384195963,223.10138956705728,225.17300048828125,213.04633341471353,216.74524993896483,220.97210290159592,144.0,249.0,False,False,False,True,False,True,True,False,False,-7.75247556031381,red,144.23076923076923,False,False,False,False,Vruddhi Engineer,Industrial Manufacturing,Industrial Products,77.67857142857143,True,False
SEL.NS,2026-08-10,243.0,246.04166666666666,221.27777862548828,211.47500030517577,195.71700012207032,204.6847501373291,239.98018176011513,115.25,279.75,True,False,False,True,True,True,True,True,False,-1.619433198380571,ppv,316.27906976744185,True,False,False,False,Sungarner Energ.,Electrical Equipment,Other Electrical Equipment,82.14285714285714,True,False
544163.BO,2026-08-10,37.0,39.56666692097982,46.79194471571181,48.45300010681152,74.472000096639,85.20900007247924,39.46425799526003,36.13999938964844,141.8000030517578,False,False,False,False,False,False,False,False,False,-62.60737631012398,noise,55.55555555555556,False,True,False,True,Greenhitech Ven.,Petroleum Products,Lubricants,11.607142857142858,False,False
GRAPHISAD.NS,2026-08-10,27.149999618530273,28.841666380564373,28.431944370269775,28.89299991607666,35.07366663614909,35.742249994277955,28.57624206129121,26.049999237060547,52.79999923706055,False,False,False,False,False,False,False,False,False,-24.583334392971466,red,1126.126126126126,False,False,False,False,Graphisads,Media,Advertising & Media Agencies,60.71428571428571,False,False
543461.BO,2026-08-10,21.09000015258789,18.982499758402508,19.4574998749627,20.40739990234375,19.94366663614909,24.252449855804443,19.46987293172326,15.449999809265137,39.810001373291016,False,False,False,False,True,True,False,True,False,-47.023362408780486,noise,47.16981132075472,False,True,False,False,Safa Systems,Commercial Services & Supplies,Trading & Distributors,31.25,False,False
544121.BO,2026-08-10,67.0,70.00749969482422,72.73777792188856,74.00260025024414,71.99860028584798,73.02020006179809,69.57718168895362,55.599998474121094,105.80000305175781,False,False,False,True,False,False,False,False,False,-33.66336633663366,red,118.57707509881423,False,False,False,False,Rudra Gas,Construction,Civil Construction,48.660714285714285,False,False
NAMAN.NS,2026-08-10,42.150001525878906,44.75000031789144,45.963888804117836,46.26900009155273,52.74066683451335,57.43900020599365,44.06224965114267,41.599998474121094,103.05000305175781,False,False,False,False,False,False,False,False,False,-57.68072071122503,noise,93.98496240601504,False,False,False,True,Naman Industries Proxima,Consumer Durables,"Furniture, Home Furnishing",17.410714285714285,False,False
SIDDHIKA.NS,2026-08-10,209.25,210.89583587646484,213.46111170450845,210.5363299560547,208.78696095784505,210.3639122772217,211.05934465949167,177.36545304900235,245.4545420985068,False,False,True,True,False,False,True,False,False,6.9904595405063,dry,0.0,False,True,False,False,Siddhika Coatins,Consumer Durables,Paints,85.26785714285714,True,False
ENFUSE.NS,2026-08-10,171.89999389648438,165.3833325703939,164.71666632758246,165.6729998779297,185.18633310953777,193.47049995422364,165.92651894415002,148.0,284.0,False,False,False,False,True,False,False,True,False,-18.14286004929315,noise,90.09009009009009,False,False,False,False,Enfuse Solutions,IT - Services,IT Enabled Services,68.75,False,False
543937.BO,2026-08-10,147.0,149.45000203450522,146.7083337571886,148.3940002441406,158.42900024414064,148.18675025939942,147.93669797324927,91.0999984741211,187.0,False,True,True,False,False,True,True,False,False,24.576271186440678,dry,0.0,False,False,False,False,Alphalogic Indu,Industrial Products,Other Industrial Products,93.30357142857143,True,False
RBS.NS,2026-08-10,93.6500015258789,85.9499994913737,81.50277752346463,83.59099960327148,87.5883332570394,92.81099992752075,88.49286160755537,58.79999923706055,137.9499969482422,True,False,False,False,True,True,False,True,False,-30.111939159791856,green,219.6652719665272,False,False,False,False,Ramdevbaba Sol.,Agricultural Food & other Products,Edible Oil,55.35714285714286,False,False
ATMASTCO.NS,2026-08-10,147.0,150.95416768391928,159.47500059339734,164.1570004272461,153.83666625976562,158.93049949645996,150.1604210905154,98.0,268.0,False,False,False,True,False,True,False,False,False,-39.01680226552977,noise,78.9760348583878,False,False,False,False,Atmastco Ltd,Construction,Civil Construction,41.517857142857146,False,False
BASILIC.NS,2026-08-10,199.85000610351562,197.47916539510092,200.57222196790906,202.00199981689454,227.1010002644857,256.80725028991696,197.92626122011615,166.25,509.79998779296875,False,False,False,False,False,False,False,True,False,-52.41666521344865,green,127.89281364190013,False,False,False,False,Basilic Fly Stud,Entertainment,Media & Entertainment,20.089285714285715,False,False
544023.BO,2026-08-10,758.0499877929688,757.6750030517578,732.5638902452257,688.7610009765625,594.1586678059896,574.1732508850098,752.2011237595542,438.6499938964844,834.9000244140625,True,True,True,True,True,True,True,True,False,44.44550408259844,noise,98.89604415823368,False,False,False,False,Kalyani Cast-Tec,Industrial Manufacturing,Industrial Products,95.53571428571429,True,True
543542.BO,2026-08-10,1250.0,1263.7166544596355,1252.5569424099392,1247.9019970703125,1218.8036604817707,1141.8544943237305,1259.750218321974,610.0499877929688,1297.0,True,True,True,True,True,True,True,False,False,73.61111111111111,noise,66.18274978650726,False,False,False,False,Kesar India,Realty,"Residential, Commercial Projects",98.66071428571429,True,True
